TransactionID,Date,StoreID,ProductID,ProductCategory,QuantitySold,PricePerUnit,TotalSales,PaymentMethod,CustomerID
T000001,2024-07-27 05:31:33.951989,28,192,Groceries,19,96.21,1827.99,Cash,1008
T000002,2023-10-31 05:31:33.951989,8,130,Clothing,2,18.69,37.38,Debit Card,1047
T000003,2023-09-16 05:31:33.951989,35,156,Clothing,6,69.34,416.04,Debit Card,1044
T000004,2024-01-22 05:31:33.951989,15,178,Groceries,20,91.85,1837.0,Credit Card,1057
T000005,2024-01-07 05:31:33.951989,42,136,Electronics,11,80.53,885.83,Online Payment,1062
T000006,2023-12-27 05:31:33.951989,10,196,Electronics,20,74.29,1485.8,Online Payment,1064
T000007,2023-11-14 05:31:33.951989,18,195,Toys,8,40.45,323.6,Credit Card,1067
T000008,2023-10-26 05:31:33.951989,10,200,Furniture,19,95.2,1808.8,Online Payment,1015
T000009,2024-08-15 05:31:33.951989,5,157,Electronics,4,57.58,230.32,Online Payment,1060
T000010,2024-06-09 05:31:33.951989,4,129,Furniture,16,57.73,923.68,Cash,1090
T000011,2023-10-18 05:31:33.951989,11,168,Furniture,5,16.71,83.55,Debit Card,1068
T000012,2024-07-02 05:31:33.951989,20,130,Toys,11,5.48,60.28,Online Payment,1086
T000013,2024-04-07 05:31:33.951989,39,139,Toys,3,61.68,185.04,Credit Card,1068
T000014,2023-09-20 05:31:33.951989,48,200,Clothing,8,56.03,448.24,Cash,1037
T000015,2023-09-19 05:31:33.951989,37,160,Electronics,12,94.96,1139.52,Online Payment,1057
T000016,2023-10-21 05:31:33.951989,19,124,Groceries,11,33.95,373.45,Debit Card,1079
T000017,2023-12-24 05:31:33.951989,29,147,Groceries,6,76.09,456.54,Online Payment,1047
T000018,2024-01-01 05:31:33.951989,8,186,Furniture,3,90.84,272.52,Online Payment,1086
T000019,2024-05-19 05:31:33.951989,30,173,Toys,11,37.67,414.37,Cash,1088
T000020,2024-07-08 05:31:33.951989,45,156,Clothing,15,44.2,663.0,Cash,1008
T000021,2023-09-17 05:31:33.951989,20,159,Electronics,1,66.36,66.36,Cash,1024
T000022,2024-06-17 05:31:33.951989,45,198,Groceries,9,53.69,483.21,Online Payment,1058
T000023,2023-12-14 05:31:33.951989,26,136,Groceries,7,20.29,142.03,Online Payment,1011
T000024,2024-08-01 05:31:33.951989,18,199,Furniture,8,25.97,207.76,Online Payment,1010
T000025,2024-08-28 05:31:33.951989,33,148,Furniture,3,84.3,252.9,Cash,1050
T000026,2024-06-09 05:31:33.951989,35,164,Electronics,12,23.46,281.52,Online Payment,1022
T000027,2024-04-05 05:31:33.951989,32,167,Toys,9,22.23,200.07,Credit Card,1036
T000028,2023-12-25 05:31:33.951989,29,153,Clothing,4,80.97,323.88,Credit Card,1009
T000029,2024-04-20 05:31:33.951989,6,120,Toys,1,85.96,85.96,Online Payment,1013
T000030,2024-07-01 05:31:33.951989,39,125,Groceries,2,85.88,171.76,Debit Card,1021
T000031,2024-01-24 05:31:33.951989,3,177,Groceries,13,93.58,1216.54,Cash,1035
T000032,2023-09-07 05:31:33.951989,28,117,Furniture,15,99.46,1491.9,Debit Card,1014
T000033,2023-11-24 05:31:33.951989,48,132,Toys,14,48.82,683.48,Credit Card,1089
T000034,2024-08-26 05:31:33.951989,21,106,Clothing,6,57.22,343.32,Credit Card,1018
T000035,2024-04-07 05:31:33.951989,39,182,Toys,14,32.61,456.54,Debit Card,1063
T000036,2024-02-25 05:31:33.951989,17,161,Toys,16,11.4,182.4,Cash,1019
T000037,2024-01-24 05:31:33.951989,2,147,Groceries,13,14.33,186.29,Debit Card,1026
T000038,2023-11-22 05:31:33.951989,6,170,Groceries,12,73.93,887.16,Cash,1066
T000039,2023-12-23 05:31:33.951989,15,113,Clothing,18,51.28,923.04,Debit Card,1080
T000040,2024-02-23 05:31:33.951989,44,191,Groceries,13,36.43,473.59,Debit Card,1002
T000041,2023-10-26 05:31:33.951989,37,166,Groceries,4,17.18,68.72,Debit Card,1037
T000042,2023-10-21 05:31:33.951989,38,115,Furniture,16,67.27,1076.32,Cash,1053
T000043,2024-03-16 05:31:33.951989,2,136,Electronics,19,14.5,275.5,Online Payment,1087
T000044,2023-10-23 05:31:33.951989,49,110,Furniture,8,63.85,510.8,Cash,1069
T000045,2024-03-05 05:31:33.951989,44,197,Groceries,6,90.51,543.06,Credit Card,1016
T000046,2024-02-27 05:31:33.951989,18,120,Electronics,15,35.19,527.85,Credit Card,1060
T000047,2024-07-09 05:31:33.951989,37,134,Clothing,3,47.81,143.43,Credit Card,1044
T000048,2024-01-17 05:31:33.951989,3,157,Furniture,2,63.55,127.1,Online Payment,1053
T000049,2023-09-26 05:31:33.951989,49,165,Clothing,10,34.04,340.4,Credit Card,1056
T000050,2024-04-26 05:31:33.951989,49,118,Groceries,1,60.5,60.5,Cash,1094
T000051,2024-06-04 05:31:33.951989,12,155,Furniture,11,58.73,646.03,Cash,1082
T000052,2023-11-06 05:31:33.951989,31,111,Groceries,9,39.63,356.67,Debit Card,1002
T000053,2024-03-15 05:31:33.951989,34,128,Clothing,4,35.05,140.2,Online Payment,1037
T000054,2023-10-14 05:31:33.951989,42,157,Electronics,3,45.69,137.07,Online Payment,1024
T000055,2024-06-12 05:31:33.951989,29,144,Groceries,11,5.46,60.06,Credit Card,1008
T000056,2024-02-01 05:31:33.951989,18,103,Clothing,6,28.39,170.34,Online Payment,1002
T000057,2024-07-21 05:31:33.951989,12,153,Clothing,13,26.04,338.52,Online Payment,1029
T000058,2024-07-16 05:31:33.951989,38,106,Toys,6,75.28,451.68,Online Payment,1066
T000059,2024-03-07 05:31:33.951989,28,150,Electronics,3,46.43,139.29,Cash,1082
T000060,2024-06-25 05:31:33.951989,41,164,Groceries,18,84.81,1526.58,Cash,1042
T000061,2023-12-11 05:31:33.951989,32,147,Electronics,3,17.76,53.28,Cash,1052
T000062,2024-08-29 05:31:33.951989,6,130,Groceries,11,74.63,820.93,Credit Card,1074
T000063,2023-10-09 05:31:33.951989,31,149,Groceries,20,88.4,1768.0,Cash,1043
T000064,2023-09-27 05:31:33.951989,23,110,Groceries,20,48.97,979.4,Credit Card,1083
T000065,2024-08-07 05:31:33.951989,27,147,Clothing,16,39.08,625.28,Debit Card,1082
T000066,2023-12-29 05:31:33.951989,22,128,Clothing,1,34.02,34.02,Cash,1100
T000067,2024-01-30 05:31:33.951989,21,103,Clothing,14,57.41,803.74,Cash,1041
T000068,2023-10-14 05:31:33.951989,43,140,Electronics,6,21.7,130.2,Debit Card,1062
T000069,2024-01-01 05:31:33.951989,7,112,Groceries,20,62.63,1252.6,Debit Card,1075
T000070,2023-10-25 05:31:33.951989,11,191,Clothing,14,84.97,1189.58,Debit Card,1085
T000071,2024-03-16 05:31:33.951989,22,183,Groceries,6,86.58,519.48,Debit Card,1089
T000072,2024-01-24 05:31:33.951989,27,142,Toys,2,18.3,36.6,Online Payment,1067
T000073,2024-04-23 05:31:33.951989,45,118,Electronics,4,56.17,224.68,Online Payment,1070
T000074,2024-07-25 05:31:33.951989,32,117,Clothing,11,30.01,330.11,Debit Card,1056
T000075,2024-03-08 05:31:33.951989,19,104,Furniture,7,89.2,624.4,Cash,1058
T000076,2023-11-26 05:31:33.951989,43,136,Electronics,7,12.26,85.82,Online Payment,1038
T000077,2024-03-11 05:31:33.951989,26,160,Electronics,14,12.16,170.24,Credit Card,1072
T000078,2024-03-03 05:31:33.951989,49,189,Toys,18,6.77,121.86,Online Payment,1016
T000079,2023-12-20 05:31:33.951989,36,117,Groceries,18,53.18,957.24,Debit Card,1039
T000080,2024-08-12 05:31:33.951989,3,197,Furniture,9,7.96,71.64,Cash,1021
T000081,2024-01-18 05:31:33.951989,30,190,Clothing,10,60.28,602.8,Debit Card,1033
T000082,2024-08-28 05:31:33.951989,6,160,Clothing,10,43.49,434.9,Debit Card,1029
T000083,2024-08-18 05:31:33.951989,21,157,Toys,8,61.05,488.4,Debit Card,1061
T000084,2024-07-31 05:31:33.951989,17,178,Clothing,4,91.1,364.4,Debit Card,1047
T000085,2023-10-10 05:31:33.951989,21,100,Toys,2,57.4,114.8,Credit Card,1036
T000086,2024-07-11 05:31:33.951989,8,110,Clothing,13,56.63,736.19,Cash,1098
T000087,2024-07-25 05:31:33.951989,50,102,Electronics,19,99.88,1897.72,Cash,1006
T000088,2023-11-30 05:31:33.951989,26,132,Furniture,18,49.85,897.3,Cash,1018
T000089,2024-06-03 05:31:33.951989,33,127,Furniture,16,78.64,1258.24,Online Payment,1045
T000090,2024-01-07 05:31:33.951989,1,119,Furniture,5,39.75,198.75,Cash,1036
T000091,2023-11-26 05:31:33.951989,43,170,Toys,2,26.21,52.42,Cash,1058
T000092,2024-04-27 05:31:33.951989,35,193,Furniture,12,78.35,940.2,Debit Card,1021
T000093,2024-03-16 05:31:33.951989,30,177,Furniture,1,74.66,74.66,Credit Card,1079
T000094,2024-01-20 05:31:33.951989,27,167,Clothing,14,32.64,456.96,Debit Card,1020
T000095,2024-07-27 05:31:33.951989,4,154,Clothing,3,49.15,147.45,Credit Card,1091
T000096,2024-08-21 05:31:33.951989,13,114,Clothing,10,53.49,534.9,Online Payment,1068
T000097,2024-06-15 05:31:33.951989,34,199,Clothing,20,42.69,853.8,Cash,1036
T000098,2023-12-25 05:31:33.951989,24,136,Groceries,16,52.71,843.36,Debit Card,1023
T000099,2024-08-19 05:31:33.951989,40,130,Furniture,7,67.95,475.65,Credit Card,1022
T000100,2024-02-17 05:31:33.951989,49,138,Clothing,4,85.56,342.24,Online Payment,1090
T000101,2023-10-02 05:31:33.951989,32,115,Clothing,1,81.62,81.62,Online Payment,1088
T000102,2023-12-30 05:31:33.951989,41,106,Toys,7,63.33,443.31,Debit Card,1085
T000103,2023-09-20 05:31:33.951989,29,130,Groceries,6,20.76,124.56,Credit Card,1019
T000104,2024-02-12 05:31:33.951989,49,153,Toys,10,53.84,538.4,Cash,1020
T000105,2024-03-27 05:31:33.951989,4,181,Furniture,3,47.39,142.17,Cash,1030
T000106,2024-01-19 05:31:33.951989,14,179,Furniture,16,22.02,352.32,Credit Card,1014
T000107,2023-10-07 05:31:33.951989,18,158,Clothing,4,95.13,380.52,Debit Card,1005
T000108,2023-12-21 05:31:33.951989,36,108,Clothing,10,67.64,676.4,Debit Card,1040
T000109,2024-06-20 05:31:33.951989,9,114,Clothing,13,96.93,1260.09,Credit Card,1073
T000110,2024-02-12 05:31:33.951989,19,163,Electronics,16,74.91,1198.56,Cash,1016
T000111,2023-12-21 05:31:33.951989,29,176,Toys,16,50.93,814.88,Cash,1056
T000112,2024-08-04 05:31:33.951989,45,168,Furniture,9,39.09,351.81,Debit Card,1033
T000113,2024-05-16 05:31:33.951989,32,102,Electronics,3,25.79,77.37,Online Payment,1047
T000114,2024-03-24 05:31:33.951989,8,180,Groceries,18,51.33,923.94,Online Payment,1023
T000115,2024-07-29 05:31:33.951989,2,165,Groceries,13,10.97,142.61,Debit Card,1026
T000116,2024-04-25 05:31:33.951989,41,173,Furniture,6,40.1,240.6,Credit Card,1071
T000117,2023-11-16 05:31:33.951989,39,130,Clothing,12,9.07,108.84,Credit Card,1090
T000118,2024-01-17 05:31:33.951989,16,191,Electronics,13,24.64,320.32,Cash,1004
T000119,2023-11-14 05:31:33.951989,46,118,Clothing,12,91.23,1094.76,Cash,1085
T000120,2024-01-08 05:31:33.951989,11,137,Groceries,6,39.32,235.92,Debit Card,1040
T000121,2024-06-17 05:31:33.951989,20,154,Clothing,15,49.62,744.3,Cash,1044
T000122,2024-06-05 05:31:33.951989,36,100,Groceries,2,48.19,96.38,Online Payment,1018
T000123,2024-01-16 05:31:33.951989,1,178,Toys,9,9.41,84.69,Debit Card,1047
T000124,2024-06-29 05:31:33.951989,36,145,Clothing,15,98.16,1472.4,Online Payment,1057
T000125,2024-04-10 05:31:33.951989,27,130,Furniture,15,35.79,536.85,Cash,1069
T000126,2024-06-28 05:31:33.951989,6,173,Groceries,9,71.85,646.65,Cash,1020
T000127,2024-03-26 05:31:33.951989,15,153,Furniture,8,54.53,436.24,Online Payment,1068
T000128,2024-03-07 05:31:33.951989,8,123,Furniture,9,83.82,754.38,Online Payment,1038
T000129,2023-12-25 05:31:33.951989,30,185,Groceries,19,84.31,1601.89,Debit Card,1015
T000130,2023-11-13 05:31:33.951989,8,185,Furniture,2,30.02,60.04,Debit Card,1003
T000131,2024-05-21 05:31:33.951989,42,110,Clothing,5,56.71,283.55,Credit Card,1051
T000132,2024-05-13 05:31:33.951989,10,167,Electronics,4,21.52,86.08,Online Payment,1063
T000133,2023-10-20 05:31:33.951989,32,146,Groceries,3,67.1,201.3,Credit Card,1098
T000134,2023-09-28 05:31:33.951989,46,108,Electronics,12,39.7,476.4,Debit Card,1018
T000135,2023-10-30 05:31:33.951989,19,167,Toys,18,67.07,1207.26,Cash,1058
T000136,2023-11-21 05:31:33.951989,33,169,Toys,14,84.37,1181.18,Cash,1040
T000137,2024-07-21 05:31:33.951989,46,164,Toys,19,54.08,1027.52,Online Payment,1019
T000138,2023-11-24 05:31:33.951989,18,200,Groceries,8,40.75,326.0,Cash,1000
T000139,2024-08-17 05:31:33.951989,27,164,Toys,18,91.19,1641.42,Debit Card,1094
T000140,2024-04-07 05:31:33.951989,31,170,Electronics,2,54.06,108.12,Credit Card,1069
T000141,2024-07-05 05:31:33.951989,31,102,Toys,13,38.53,500.89,Credit Card,1064
T000142,2023-10-06 05:31:33.951989,16,149,Electronics,17,87.43,1486.31,Credit Card,1042
T000143,2024-03-19 05:31:33.951989,30,160,Electronics,14,51.25,717.5,Debit Card,1082
T000144,2024-03-17 05:31:33.951989,36,105,Electronics,18,50.8,914.4,Cash,1090
T000145,2024-07-05 05:31:33.951989,10,181,Furniture,16,62.4,998.4,Cash,1037
T000146,2024-04-30 05:31:33.951989,25,149,Electronics,19,52.67,1000.73,Online Payment,1060
T000147,2024-05-31 05:31:33.951989,13,147,Electronics,8,18.2,145.6,Debit Card,1037
T000148,2024-01-10 05:31:33.951989,39,132,Clothing,16,20.73,331.68,Credit Card,1096
T000149,2024-06-13 05:31:33.951989,33,195,Groceries,10,12.32,123.2,Online Payment,1073
T000150,2023-09-09 05:31:33.951989,48,102,Electronics,3,66.13,198.39,Credit Card,1085
T000151,2024-08-17 05:31:33.951989,9,145,Furniture,13,25.09,326.17,Debit Card,1018
T000152,2023-11-01 05:31:33.951989,5,200,Toys,2,22.76,45.52,Cash,1072
T000153,2024-08-18 05:31:33.951989,18,108,Toys,17,39.41,669.97,Cash,1093
T000154,2024-06-04 05:31:33.951989,50,144,Furniture,19,73.14,1389.66,Credit Card,1056
T000155,2024-01-18 05:31:33.951989,27,130,Electronics,17,16.24,276.08,Debit Card,1043
T000156,2024-07-28 05:31:33.951989,22,193,Groceries,19,26.88,510.72,Credit Card,1088
T000157,2024-02-25 05:31:33.951989,33,184,Groceries,20,82.06,1641.2,Debit Card,1014
T000158,2023-10-31 05:31:33.951989,18,180,Electronics,5,73.42,367.1,Debit Card,1093
T000159,2024-02-01 05:31:33.951989,1,113,Furniture,4,50.74,202.96,Debit Card,1061
T000160,2024-04-13 05:31:33.951989,19,198,Groceries,15,50.49,757.35,Online Payment,1005
T000161,2023-11-23 05:31:33.951989,47,174,Clothing,6,25.02,150.12,Credit Card,1017
T000162,2024-04-23 05:31:33.951989,20,194,Groceries,6,20.32,121.92,Credit Card,1086
T000163,2023-09-05 05:31:33.951989,38,196,Furniture,7,84.17,589.19,Debit Card,1070
T000164,2024-01-16 05:31:33.951989,38,142,Groceries,7,7.13,49.91,Credit Card,1014
T000165,2024-05-17 05:31:33.951989,43,117,Toys,5,9.1,45.5,Online Payment,1039
T000166,2023-12-04 05:31:33.951989,32,105,Electronics,2,59.48,118.96,Debit Card,1003
T000167,2024-05-20 05:31:33.951989,10,145,Toys,14,20.31,284.34,Online Payment,1051
T000168,2023-10-28 05:31:33.951989,29,169,Groceries,3,64.81,194.43,Cash,1079
T000169,2024-07-20 05:31:33.951989,35,143,Clothing,14,8.72,122.08,Online Payment,1028
T000170,2024-02-03 05:31:33.951989,31,182,Furniture,7,59.37,415.59,Credit Card,1057
T000171,2024-07-27 05:31:33.951989,23,122,Clothing,5,10.31,51.55,Cash,1045
T000172,2024-05-20 05:31:33.951989,22,199,Clothing,20,29.53,590.6,Credit Card,1011
T000173,2024-07-11 05:31:33.951989,36,187,Furniture,9,22.1,198.9,Debit Card,1041
T000174,2023-12-14 05:31:33.951989,49,159,Electronics,11,96.03,1056.33,Debit Card,1007
T000175,2023-11-21 05:31:33.951989,35,189,Toys,3,61.94,185.82,Debit Card,1077
T000176,2024-03-13 05:31:33.951989,25,161,Groceries,3,58.54,175.62,Debit Card,1082
T000177,2023-11-25 05:31:33.951989,30,180,Clothing,13,6.77,88.01,Online Payment,1024
T000178,2024-06-06 05:31:33.951989,21,123,Furniture,18,73.36,1320.48,Credit Card,1074
T000179,2024-06-01 05:31:33.951989,13,117,Clothing,13,67.87,882.31,Cash,1067
T000180,2023-09-04 05:31:33.951989,45,108,Toys,18,31.93,574.74,Debit Card,1028
T000181,2024-07-06 05:31:33.951989,16,191,Electronics,11,13.15,144.65,Online Payment,1100
T000182,2024-02-16 05:31:33.951989,37,199,Toys,9,47.67,429.03,Credit Card,1098
T000183,2024-05-11 05:31:33.951989,25,158,Furniture,17,99.31,1688.27,Cash,1035
T000184,2023-09-13 05:31:33.951989,15,104,Electronics,15,87.39,1310.85,Cash,1025
T000185,2023-10-31 05:31:33.951989,50,137,Groceries,1,21.2,21.2,Cash,1002
T000186,2024-03-07 05:31:33.951989,27,125,Clothing,20,83.88,1677.6,Credit Card,1010
T000187,2024-02-08 05:31:33.951989,3,105,Groceries,19,62.08,1179.52,Cash,1068
T000188,2024-01-04 05:31:33.951989,21,125,Furniture,17,80.49,1368.33,Debit Card,1057
T000189,2023-10-03 05:31:33.951989,48,105,Furniture,14,82.94,1161.16,Cash,1086
T000190,2024-01-05 05:31:33.951989,31,140,Electronics,4,22.28,89.12,Credit Card,1085
T000191,2024-06-20 05:31:33.951989,46,139,Toys,14,67.67,947.38,Debit Card,1011
T000192,2023-10-14 05:31:33.951989,25,165,Furniture,5,30.13,150.65,Cash,1065
T000193,2023-10-17 05:31:33.951989,25,150,Clothing,5,73.8,369.0,Debit Card,1050
T000194,2024-05-09 05:31:33.951989,43,169,Toys,19,37.55,713.45,Debit Card,1024
T000195,2023-10-09 05:31:33.951989,42,160,Toys,19,48.08,913.52,Debit Card,1062
T000196,2024-06-02 05:31:33.951989,10,132,Toys,19,61.11,1161.09,Debit Card,1040
T000197,2023-11-07 05:31:33.951989,32,104,Toys,4,26.83,107.32,Credit Card,1077
T000198,2023-11-08 05:31:33.951989,3,196,Clothing,4,41.62,166.48,Debit Card,1077
T000199,2024-08-06 05:31:33.951989,9,182,Toys,19,15.31,290.89,Debit Card,1065
T000200,2024-05-04 05:31:33.951989,33,124,Furniture,4,24.22,96.88,Online Payment,1007
T000201,2024-06-11 05:31:33.951989,38,136,Groceries,10,86.66,866.6,Cash,1085
T000202,2023-11-27 05:31:33.951989,22,145,Clothing,18,52.91,952.38,Debit Card,1046
T000203,2024-01-17 05:31:33.951989,7,199,Toys,12,44.88,538.56,Online Payment,1050
T000204,2024-05-31 05:31:33.951989,29,106,Furniture,14,19.21,268.94,Online Payment,1018
T000205,2024-07-10 05:31:33.951989,7,183,Clothing,9,14.15,127.35,Cash,1091
T000206,2024-04-07 05:31:33.951989,34,142,Groceries,13,50.21,652.73,Debit Card,1054
T000207,2023-12-21 05:31:33.951989,30,134,Furniture,16,63.4,1014.4,Cash,1047
T000208,2024-06-06 05:31:33.951989,1,115,Electronics,19,8.71,165.49,Debit Card,1049
T000209,2024-08-22 05:31:33.951989,47,147,Toys,20,79.47,1589.4,Online Payment,1047
T000210,2023-12-15 05:31:33.951989,10,155,Electronics,16,52.82,845.12,Cash,1001
T000211,2024-09-03 05:31:33.951989,27,151,Clothing,2,16.16,32.32,Credit Card,1036
T000212,2024-02-10 05:31:33.951989,42,195,Electronics,6,50.81,304.86,Debit Card,1044
T000213,2024-03-26 05:31:33.951989,10,156,Toys,9,17.38,156.42,Debit Card,1044
T000214,2024-08-12 05:31:33.951989,5,149,Toys,13,62.33,810.29,Debit Card,1039
T000215,2024-08-01 05:31:33.951989,31,143,Toys,5,83.61,418.05,Cash,1057
T000216,2024-03-13 05:31:33.951989,17,123,Clothing,20,90.21,1804.2,Credit Card,1071
T000217,2024-04-15 05:31:33.951989,22,163,Groceries,20,78.61,1572.2,Debit Card,1011
T000218,2024-05-25 05:31:33.951989,40,188,Groceries,13,66.68,866.84,Debit Card,1027
T000219,2024-04-22 05:31:33.951989,45,163,Toys,2,54.59,109.18,Online Payment,1093
T000220,2023-11-04 05:31:33.951989,26,147,Furniture,13,40.19,522.47,Credit Card,1056
T000221,2024-01-08 05:31:33.951989,42,166,Groceries,11,9.13,100.43,Credit Card,1094
T000222,2023-12-28 05:31:33.951989,6,134,Clothing,8,55.33,442.64,Debit Card,1053
T000223,2023-10-06 05:31:33.951989,22,110,Furniture,2,26.8,53.6,Credit Card,1056
T000224,2024-02-24 05:31:33.951989,44,193,Furniture,16,81.22,1299.52,Online Payment,1036
T000225,2023-09-14 05:31:33.951989,35,154,Furniture,9,80.01,720.09,Online Payment,1020
T000226,2024-07-01 05:31:33.951989,25,110,Electronics,12,41.22,494.64,Online Payment,1093
T000227,2024-06-13 05:31:33.951989,21,155,Furniture,1,60.96,60.96,Cash,1054
T000228,2023-12-30 05:31:33.951989,41,177,Clothing,11,75.43,829.73,Cash,1093
T000229,2024-07-01 05:31:33.951989,46,123,Electronics,10,77.35,773.5,Debit Card,1053
T000230,2023-12-25 05:31:33.951989,49,169,Clothing,10,71.19,711.9,Debit Card,1017
T000231,2023-09-07 05:31:33.951989,32,137,Electronics,9,14.28,128.52,Credit Card,1075
T000232,2023-10-10 05:31:33.951989,35,141,Furniture,16,17.72,283.52,Credit Card,1076
T000233,2024-08-31 05:31:33.951989,3,113,Furniture,4,50.33,201.32,Cash,1011
T000234,2024-07-23 05:31:33.951989,40,110,Groceries,8,27.09,216.72,Online Payment,1018
T000235,2023-10-04 05:31:33.951989,5,141,Toys,5,86.61,433.05,Cash,1026
T000236,2023-12-30 05:31:33.951989,16,184,Clothing,10,31.91,319.1,Debit Card,1038
T000237,2023-10-08 05:31:33.951989,41,137,Furniture,15,88.29,1324.35,Cash,1060
T000238,2023-09-20 05:31:33.951989,44,139,Furniture,11,43.82,482.02,Credit Card,1067
T000239,2024-02-20 05:31:33.951989,19,157,Groceries,9,22.96,206.64,Debit Card,1042
T000240,2023-10-10 05:31:33.951989,15,177,Clothing,14,72.37,1013.18,Cash,1008
T000241,2024-05-24 05:31:33.951989,48,191,Groceries,20,80.0,1600.0,Debit Card,1075
T000242,2024-01-03 05:31:33.951989,6,154,Clothing,3,59.91,179.73,Debit Card,1096
T000243,2024-01-24 05:31:33.951989,28,121,Electronics,7,16.19,113.33,Credit Card,1048
T000244,2024-08-11 05:31:33.951989,7,188,Groceries,15,5.68,85.2,Credit Card,1011
T000245,2024-05-09 05:31:33.951989,49,156,Clothing,7,67.18,470.26,Cash,1000
T000246,2023-12-22 05:31:33.951989,41,144,Furniture,14,70.34,984.76,Cash,1052
T000247,2024-06-06 05:31:33.951989,46,157,Clothing,16,35.01,560.16,Debit Card,1081
T000248,2023-11-10 05:31:33.951989,7,105,Clothing,17,39.42,670.14,Online Payment,1034
T000249,2024-06-22 05:31:33.951989,29,193,Electronics,12,19.7,236.4,Online Payment,1053
T000250,2024-06-25 05:31:33.951989,11,145,Clothing,2,66.9,133.8,Debit Card,1022
T000251,2024-05-03 05:31:33.951989,45,178,Clothing,17,29.1,494.7,Cash,1071
T000252,2024-01-06 05:31:33.951989,20,155,Furniture,6,86.22,517.32,Debit Card,1059
T000253,2024-05-03 05:31:33.951989,2,135,Electronics,3,45.24,135.72,Online Payment,1090
T000254,2024-03-30 05:31:33.951989,3,181,Clothing,10,39.74,397.4,Debit Card,1072
T000255,2023-12-10 05:31:33.951989,21,107,Clothing,17,31.18,530.06,Cash,1096
T000256,2023-10-22 05:31:33.951989,4,109,Electronics,13,69.66,905.58,Online Payment,1017
T000257,2023-10-23 05:31:33.951989,19,185,Toys,5,76.72,383.6,Cash,1025
T000258,2024-08-06 05:31:33.951989,23,181,Groceries,17,44.26,752.42,Debit Card,1023
T000259,2024-04-11 05:31:33.951989,24,151,Furniture,19,79.46,1509.74,Online Payment,1048
T000260,2024-03-03 05:31:33.951989,28,146,Electronics,1,50.83,50.83,Cash,1037
T000261,2024-04-07 05:31:33.951989,10,165,Electronics,6,40.17,241.02,Debit Card,1070
T000262,2024-04-01 05:31:33.951989,16,195,Groceries,7,57.72,404.04,Cash,1062
T000263,2024-04-30 05:31:33.951989,34,186,Groceries,7,29.11,203.77,Debit Card,1005
T000264,2023-10-01 05:31:33.951989,27,120,Groceries,2,34.13,68.26,Credit Card,1038
T000265,2024-08-13 05:31:33.951989,37,103,Electronics,8,37.71,301.68,Debit Card,1074
T000266,2024-08-03 05:31:33.951989,44,118,Electronics,2,72.02,144.04,Online Payment,1038
T000267,2024-07-30 05:31:33.951989,12,177,Groceries,15,74.9,1123.5,Online Payment,1063
T000268,2023-10-24 05:31:33.951989,11,186,Groceries,2,86.22,172.44,Cash,1071
T000269,2023-10-05 05:31:33.951989,12,200,Furniture,12,67.63,811.56,Online Payment,1094
T000270,2024-03-28 05:31:33.951989,6,156,Toys,7,76.04,532.28,Cash,1059
T000271,2024-02-24 05:31:33.951989,40,104,Electronics,9,47.43,426.87,Credit Card,1028
T000272,2023-10-29 05:31:33.951989,25,116,Groceries,12,71.43,857.16,Online Payment,1003
T000273,2024-01-09 05:31:33.951989,40,108,Furniture,15,20.37,305.55,Debit Card,1000
T000274,2023-12-11 05:31:33.951989,44,130,Furniture,17,25.37,431.29,Online Payment,1019
T000275,2023-12-10 05:31:33.951989,16,199,Groceries,13,43.05,559.65,Debit Card,1033
T000276,2024-06-04 05:31:33.951989,32,182,Toys,4,37.15,148.6,Cash,1038
T000277,2024-04-20 05:31:33.951989,38,146,Clothing,1,57.3,57.3,Debit Card,1081
T000278,2023-11-14 05:31:33.951989,10,146,Groceries,8,71.22,569.76,Online Payment,1081
T000279,2024-04-07 05:31:33.951989,15,149,Furniture,12,72.15,865.8,Online Payment,1060
T000280,2023-12-06 05:31:33.951989,30,172,Electronics,16,20.27,324.32,Debit Card,1015
T000281,2024-01-24 05:31:33.951989,41,104,Clothing,20,96.63,1932.6,Cash,1083
T000282,2024-04-27 05:31:33.951989,17,177,Clothing,15,5.5,82.5,Credit Card,1085
T000283,2024-01-09 05:31:33.951989,30,119,Electronics,6,13.65,81.9,Cash,1036
T000284,2023-10-12 05:31:33.951989,17,186,Electronics,16,18.81,300.96,Cash,1053
T000285,2024-04-17 05:31:33.951989,43,157,Clothing,19,92.96,1766.24,Credit Card,1022
T000286,2024-06-11 05:31:33.951989,1,147,Clothing,18,46.36,834.48,Cash,1062
T000287,2023-10-24 05:31:33.951989,30,147,Furniture,12,11.09,133.08,Online Payment,1088
T000288,2023-09-29 05:31:33.951989,19,156,Clothing,12,26.07,312.84,Credit Card,1082
T000289,2024-08-02 05:31:33.951989,44,197,Toys,6,12.6,75.6,Cash,1031
T000290,2024-06-06 05:31:33.951989,35,109,Furniture,9,8.59,77.31,Credit Card,1003
T000291,2023-09-11 05:31:33.951989,11,173,Groceries,3,41.51,124.53,Online Payment,1015
T000292,2023-10-21 05:31:33.951989,5,117,Furniture,10,98.52,985.2,Online Payment,1097
T000293,2024-01-03 05:31:33.951989,29,167,Groceries,1,63.33,63.33,Online Payment,1035
T000294,2023-11-28 05:31:33.951989,23,146,Electronics,13,54.5,708.5,Cash,1063
T000295,2024-03-30 05:31:33.951989,38,150,Electronics,2,72.6,145.2,Credit Card,1008
T000296,2024-05-09 05:31:33.951989,20,140,Clothing,6,61.76,370.56,Cash,1076
T000297,2024-05-07 05:31:33.951989,41,183,Toys,19,94.84,1801.96,Debit Card,1095
T000298,2023-12-22 05:31:33.951989,28,135,Clothing,7,82.92,580.44,Credit Card,1046
T000299,2024-03-27 05:31:33.951989,45,131,Toys,8,65.83,526.64,Online Payment,1074
T000300,2023-10-04 05:31:33.951989,17,114,Groceries,8,46.7,373.6,Debit Card,1061
T000301,2023-11-27 05:31:33.951989,30,103,Groceries,7,24.16,169.12,Debit Card,1072
T000302,2024-03-16 05:31:33.951989,20,194,Toys,9,67.4,606.6,Online Payment,1055
T000303,2023-09-05 05:31:33.951989,13,123,Furniture,14,81.37,1139.18,Credit Card,1033
T000304,2024-03-21 05:31:33.951989,25,163,Groceries,17,32.17,546.89,Online Payment,1080
T000305,2024-01-17 05:31:33.951989,31,166,Clothing,1,8.19,8.19,Online Payment,1087
T000306,2024-04-23 05:31:33.951989,7,149,Furniture,1,61.95,61.95,Online Payment,1060
T000307,2024-01-28 05:31:33.951989,16,171,Furniture,16,54.0,864.0,Debit Card,1088
T000308,2024-04-07 05:31:33.951989,25,115,Groceries,5,27.01,135.05,Credit Card,1015
T000309,2024-08-25 05:31:33.951989,37,133,Electronics,6,21.1,126.6,Debit Card,1047
T000310,2024-06-14 05:31:33.951989,23,199,Clothing,20,8.43,168.6,Cash,1065
T000311,2024-08-07 05:31:33.951989,37,133,Clothing,1,27.73,27.73,Debit Card,1093
T000312,2024-05-10 05:31:33.951989,19,190,Furniture,8,5.03,40.24,Debit Card,1073
T000313,2023-11-22 05:31:33.951989,45,157,Furniture,9,19.96,179.64,Credit Card,1002
T000314,2023-12-10 05:31:33.951989,19,127,Toys,20,99.7,1994.0,Online Payment,1033
T000315,2024-02-02 05:31:33.951989,2,178,Furniture,10,79.07,790.7,Debit Card,1020
T000316,2023-12-24 05:31:33.951989,43,136,Clothing,9,38.55,346.95,Debit Card,1074
T000317,2023-10-03 05:31:33.951989,26,188,Clothing,14,42.54,595.56,Credit Card,1007
T000318,2024-06-26 05:31:33.951989,18,162,Furniture,13,60.68,788.84,Cash,1018
T000319,2024-06-07 05:31:33.951989,1,125,Clothing,12,54.19,650.28,Credit Card,1040
T000320,2023-10-05 05:31:33.951989,37,115,Toys,15,75.01,1125.15,Debit Card,1059
T000321,2024-02-11 05:31:33.951989,44,117,Electronics,9,11.52,103.68,Debit Card,1088
T000322,2023-10-03 05:31:33.951989,50,109,Toys,7,13.57,94.99,Cash,1017
T000323,2023-09-29 05:31:33.951989,48,157,Electronics,15,32.03,480.45,Debit Card,1045
T000324,2024-06-29 05:31:33.951989,4,122,Furniture,10,83.83,838.3,Cash,1020
T000325,2024-05-05 05:31:33.951989,39,191,Electronics,17,91.93,1562.81,Online Payment,1006
T000326,2024-05-18 05:31:33.951989,48,156,Furniture,20,38.07,761.4,Cash,1034
T000327,2024-06-01 05:31:33.951989,32,111,Toys,13,96.51,1254.63,Credit Card,1046
T000328,2023-11-23 05:31:33.951989,19,187,Clothing,19,31.27,594.13,Cash,1053
T000329,2023-10-03 05:31:33.951989,50,140,Furniture,4,62.6,250.4,Cash,1081
T000330,2024-05-21 05:31:33.951989,15,185,Toys,1,23.48,23.48,Cash,1045
T000331,2023-10-15 05:31:33.951989,39,144,Electronics,17,93.32,1586.44,Credit Card,1006
T000332,2023-12-08 05:31:33.951989,23,190,Toys,12,59.62,715.44,Credit Card,1037
T000333,2023-10-09 05:31:33.951989,15,108,Furniture,18,29.81,536.58,Cash,1037
T000334,2024-07-04 05:31:33.951989,41,170,Furniture,20,43.68,873.6,Credit Card,1067
T000335,2023-10-08 05:31:33.951989,13,169,Electronics,20,15.11,302.2,Debit Card,1081
T000336,2024-08-14 05:31:33.951989,40,137,Clothing,10,11.88,118.8,Debit Card,1009
T000337,2024-01-02 05:31:33.951989,17,138,Clothing,10,32.95,329.5,Credit Card,1065
T000338,2024-03-28 05:31:33.951989,44,120,Electronics,4,94.97,379.88,Cash,1024
T000339,2023-11-04 05:31:33.951989,49,191,Groceries,16,81.28,1300.48,Cash,1098
T000340,2024-06-21 05:31:33.951989,47,190,Clothing,3,95.89,287.67,Credit Card,1080
T000341,2024-01-08 05:31:33.951989,50,189,Groceries,11,88.23,970.53,Debit Card,1023
T000342,2024-06-26 05:31:33.951989,43,181,Groceries,9,82.25,740.25,Cash,1097
T000343,2024-07-04 05:31:33.951989,44,122,Groceries,11,59.61,655.71,Credit Card,1012
T000344,2023-09-24 05:31:33.951989,9,146,Groceries,9,70.95,638.55,Credit Card,1076
T000345,2024-07-17 05:31:33.951989,41,165,Toys,9,96.78,871.02,Debit Card,1096
T000346,2023-10-15 05:31:33.951989,7,128,Toys,10,58.5,585.0,Cash,1021
T000347,2024-04-05 05:31:33.951989,41,115,Groceries,7,78.15,547.05,Cash,1069
T000348,2024-08-05 05:31:33.951989,42,125,Electronics,5,76.96,384.8,Credit Card,1041
T000349,2024-06-28 05:31:33.951989,3,117,Toys,17,96.32,1637.44,Cash,1040
T000350,2024-06-19 05:31:33.951989,20,130,Furniture,8,48.59,388.72,Debit Card,1087
T000351,2024-05-28 05:31:33.951989,29,163,Toys,2,48.77,97.54,Credit Card,1038
T000352,2024-02-12 05:31:33.951989,3,103,Groceries,20,60.75,1215.0,Credit Card,1034
T000353,2024-01-15 05:31:33.951989,38,146,Toys,13,7.6,98.8,Cash,1087
T000354,2023-12-17 05:31:33.951989,24,170,Electronics,11,16.05,176.55,Credit Card,1089
T000355,2024-08-11 05:31:33.951989,47,173,Clothing,5,11.42,57.1,Debit Card,1088
T000356,2024-02-11 05:31:33.951989,9,147,Furniture,1,65.2,65.2,Debit Card,1046
T000357,2024-01-04 05:31:33.951989,6,159,Electronics,16,99.45,1591.2,Online Payment,1012
T000358,2024-01-17 05:31:33.951989,19,170,Furniture,10,69.31,693.1,Debit Card,1068
T000359,2024-03-24 05:31:33.951989,21,116,Groceries,9,26.84,241.56,Debit Card,1074
T000360,2023-11-10 05:31:33.951989,48,178,Furniture,14,34.99,489.86,Cash,1045
T000361,2024-08-12 05:31:33.951989,27,111,Furniture,13,95.77,1245.01,Online Payment,1018
T000362,2024-07-30 05:31:33.951989,12,108,Toys,13,54.07,702.91,Debit Card,1001
T000363,2024-02-04 05:31:33.951989,13,139,Clothing,2,5.92,11.84,Debit Card,1017
T000364,2024-04-25 05:31:33.951989,9,150,Furniture,19,84.06,1597.14,Debit Card,1066
T000365,2024-02-12 05:31:33.951989,35,191,Electronics,19,28.58,543.02,Online Payment,1036
T000366,2023-10-11 05:31:33.951989,24,192,Electronics,7,13.84,96.88,Online Payment,1047
T000367,2023-09-08 05:31:33.951989,34,161,Clothing,11,69.0,759.0,Cash,1099
T000368,2024-04-25 05:31:33.951989,33,167,Furniture,8,83.0,664.0,Credit Card,1062
T000369,2024-07-18 05:31:33.951989,18,152,Groceries,18,12.22,219.96,Online Payment,1052
T000370,2024-06-18 05:31:33.951989,11,198,Furniture,16,93.48,1495.68,Online Payment,1043
T000371,2023-10-25 05:31:33.951989,17,152,Clothing,12,50.27,603.24,Cash,1020
T000372,2023-10-11 05:31:33.951989,31,173,Clothing,17,38.59,656.03,Cash,1013
T000373,2024-06-05 05:31:33.951989,19,109,Groceries,10,89.96,899.6,Debit Card,1027
T000374,2023-12-22 05:31:33.951989,48,116,Furniture,6,30.56,183.36,Debit Card,1019
T000375,2024-05-20 05:31:33.951989,22,140,Furniture,18,94.98,1709.64,Cash,1064
T000376,2024-01-17 05:31:33.951989,8,182,Electronics,6,69.9,419.4,Credit Card,1028
T000377,2023-11-10 05:31:33.951989,30,109,Toys,10,91.44,914.4,Credit Card,1024
T000378,2024-02-29 05:31:33.951989,5,157,Groceries,4,52.4,209.6,Online Payment,1071
T000379,2023-10-09 05:31:33.951989,10,159,Clothing,16,23.97,383.52,Debit Card,1078
T000380,2024-01-07 05:31:33.951989,49,187,Toys,5,74.87,374.35,Online Payment,1088
T000381,2024-03-11 05:31:33.951989,15,166,Electronics,9,87.91,791.19,Cash,1067
T000382,2024-01-27 05:31:33.951989,44,144,Toys,18,24.64,443.52,Debit Card,1068
T000383,2023-11-23 05:31:33.951989,47,116,Furniture,6,24.26,145.56,Debit Card,1091
T000384,2024-04-15 05:31:33.951989,44,199,Clothing,11,28.72,315.92,Online Payment,1070
T000385,2024-06-08 05:31:33.951989,26,170,Clothing,3,63.77,191.31,Online Payment,1089
T000386,2024-08-29 05:31:33.951989,36,181,Furniture,8,19.82,158.56,Cash,1096
T000387,2024-02-05 05:31:33.951989,24,175,Groceries,12,15.14,181.68,Credit Card,1014
T000388,2024-07-13 05:31:33.951989,6,123,Clothing,8,92.42,739.36,Cash,1053
T000389,2024-08-03 05:31:33.951989,26,198,Electronics,10,69.2,692.0,Cash,1058
T000390,2024-05-31 05:31:33.951989,1,116,Furniture,14,68.03,952.42,Cash,1009
T000391,2023-09-08 05:31:33.951989,17,155,Groceries,11,63.31,696.41,Credit Card,1014
T000392,2024-08-10 05:31:33.951989,35,164,Electronics,12,77.6,931.2,Online Payment,1016
T000393,2024-06-13 05:31:33.951989,8,107,Electronics,9,56.44,507.96,Debit Card,1002
T000394,2024-02-04 05:31:33.951989,30,115,Furniture,19,9.01,171.19,Credit Card,1061
T000395,2024-08-08 05:31:33.951989,24,166,Electronics,10,50.82,508.2,Credit Card,1044
T000396,2023-10-27 05:31:33.951989,44,119,Clothing,15,63.96,959.4,Online Payment,1039
T000397,2023-11-11 05:31:33.951989,48,138,Electronics,4,51.77,207.08,Online Payment,1088
T000398,2024-01-17 05:31:33.951989,44,121,Toys,16,98.61,1577.76,Cash,1046
T000399,2023-11-02 05:31:33.951989,17,120,Toys,2,90.21,180.42,Debit Card,1017
T000400,2023-10-28 05:31:33.951989,38,141,Furniture,19,87.53,1663.07,Online Payment,1056
T000401,2024-06-13 05:31:33.951989,25,190,Groceries,19,51.63,980.97,Debit Card,1076
T000402,2023-11-22 05:31:33.951989,41,128,Groceries,20,98.52,1970.4,Cash,1066
T000403,2024-01-21 05:31:33.951989,24,144,Clothing,3,92.02,276.06,Cash,1097
T000404,2024-01-26 05:31:33.951989,7,166,Groceries,16,31.63,506.08,Debit Card,1043
T000405,2024-07-09 05:31:33.951989,44,136,Groceries,7,26.1,182.7,Debit Card,1022
T000406,2023-12-20 05:31:33.951989,15,110,Furniture,17,59.78,1016.26,Online Payment,1090
T000407,2024-02-26 05:31:33.951989,31,132,Furniture,4,10.14,40.56,Cash,1038
T000408,2023-12-17 05:31:33.951989,2,125,Electronics,13,80.93,1052.09,Cash,1003
T000409,2024-08-20 05:31:33.951989,40,181,Furniture,17,50.44,857.48,Online Payment,1095
T000410,2024-07-24 05:31:33.951989,36,170,Clothing,10,56.37,563.7,Debit Card,1015
T000411,2024-01-17 05:31:33.951989,21,135,Furniture,14,52.74,738.36,Online Payment,1028
T000412,2024-05-19 05:31:33.951989,40,116,Toys,2,42.4,84.8,Cash,1016
T000413,2024-05-11 05:31:33.951989,15,180,Groceries,5,70.2,351.0,Online Payment,1088
T000414,2024-01-10 05:31:33.951989,42,138,Groceries,5,21.61,108.05,Debit Card,1018
T000415,2023-09-30 05:31:33.951989,5,178,Electronics,7,97.77,684.39,Credit Card,1088
T000416,2023-10-21 05:31:33.951989,41,168,Clothing,11,71.33,784.63,Debit Card,1029
T000417,2024-07-24 05:31:33.951989,30,111,Clothing,14,48.71,681.94,Credit Card,1039
T000418,2024-04-07 05:31:33.951989,45,164,Furniture,19,70.48,1339.12,Online Payment,1016
T000419,2024-01-23 05:31:33.951989,20,182,Furniture,15,6.12,91.8,Debit Card,1026
T000420,2023-09-26 05:31:33.951989,42,121,Groceries,5,25.02,125.1,Cash,1016
T000421,2023-09-05 05:31:33.951989,27,175,Furniture,11,60.2,662.2,Debit Card,1010
T000422,2024-02-21 05:31:33.951989,8,174,Groceries,6,35.92,215.52,Cash,1054
T000423,2023-11-09 05:31:33.951989,9,119,Clothing,3,63.21,189.63,Debit Card,1088
T000424,2024-07-26 05:31:33.951989,3,121,Electronics,16,29.67,474.72,Online Payment,1097
T000425,2024-01-16 05:31:33.951989,3,184,Electronics,11,57.11,628.21,Credit Card,1100
T000426,2023-11-25 05:31:33.951989,20,179,Furniture,6,27.53,165.18,Online Payment,1014
T000427,2024-04-17 05:31:33.951989,32,192,Groceries,11,49.78,547.58,Credit Card,1009
T000428,2024-06-12 05:31:33.951989,8,177,Toys,2,63.24,126.48,Credit Card,1002
T000429,2024-08-30 05:31:33.951989,7,143,Clothing,1,39.76,39.76,Online Payment,1099
T000430,2024-04-09 05:31:33.951989,16,172,Clothing,15,52.38,785.7,Online Payment,1061
T000431,2024-06-17 05:31:33.951989,35,105,Clothing,9,25.0,225.0,Cash,1096
T000432,2023-09-08 05:31:33.951989,9,103,Electronics,7,71.57,500.99,Cash,1055
T000433,2023-10-31 05:31:33.951989,25,110,Clothing,6,40.37,242.22,Debit Card,1005
T000434,2023-10-12 05:31:33.951989,30,105,Groceries,19,86.16,1637.04,Credit Card,1025
T000435,2024-08-22 05:31:33.951989,24,182,Electronics,6,31.56,189.36,Online Payment,1013
T000436,2023-11-19 05:31:33.951989,43,198,Furniture,16,22.09,353.44,Online Payment,1004
T000437,2024-06-09 05:31:33.951989,48,173,Toys,3,17.46,52.38,Online Payment,1084
T000438,2023-09-22 05:31:33.951989,45,133,Toys,5,59.71,298.55,Debit Card,1065
T000439,2024-03-11 05:31:33.951989,35,183,Groceries,20,26.71,534.2,Credit Card,1075
T000440,2024-06-28 05:31:33.951989,27,126,Furniture,14,14.49,202.86,Credit Card,1007
T000441,2024-06-12 05:31:33.951989,38,198,Clothing,14,30.65,429.1,Credit Card,1060
T000442,2023-11-18 05:31:33.951989,48,173,Clothing,13,27.4,356.2,Debit Card,1015
T000443,2024-04-11 05:31:33.951989,47,153,Electronics,14,46.06,644.84,Cash,1032
T000444,2023-11-08 05:31:33.951989,10,179,Clothing,16,41.18,658.88,Debit Card,1005
T000445,2023-09-25 05:31:33.951989,27,181,Electronics,13,18.86,245.18,Credit Card,1008
T000446,2024-02-08 05:31:33.951989,42,103,Clothing,1,96.12,96.12,Debit Card,1038
T000447,2024-03-08 05:31:33.951989,7,163,Groceries,2,19.21,38.42,Cash,1085
T000448,2023-09-24 05:31:33.951989,32,180,Groceries,18,81.54,1467.72,Debit Card,1001
T000449,2024-03-05 05:31:33.951989,40,169,Groceries,7,21.78,152.46,Online Payment,1096
T000450,2023-12-20 05:31:33.951989,27,137,Groceries,12,52.46,629.52,Cash,1012
T000451,2024-08-18 05:31:33.951989,18,182,Groceries,1,99.58,99.58,Online Payment,1100
T000452,2024-01-09 05:31:33.951989,3,138,Toys,11,85.69,942.59,Cash,1015
T000453,2024-08-10 05:31:33.951989,45,161,Toys,17,54.12,920.04,Online Payment,1077
T000454,2023-10-26 05:31:33.951989,24,131,Electronics,7,73.45,514.15,Cash,1026
T000455,2024-03-03 05:31:33.951989,14,187,Electronics,1,79.61,79.61,Credit Card,1075
T000456,2024-06-16 05:31:33.951989,29,151,Clothing,1,33.5,33.5,Credit Card,1025
T000457,2024-03-30 05:31:33.951989,29,138,Electronics,8,58.4,467.2,Online Payment,1023
T000458,2024-07-17 05:31:33.951989,16,158,Toys,8,58.94,471.52,Cash,1085
T000459,2023-11-22 05:31:33.951989,24,109,Furniture,12,42.85,514.2,Credit Card,1044
T000460,2024-01-03 05:31:33.951989,7,188,Toys,10,70.6,706.0,Cash,1003
T000461,2023-11-26 05:31:33.951989,44,107,Toys,5,10.7,53.5,Cash,1011
T000462,2023-12-03 05:31:33.951989,24,120,Groceries,4,82.31,329.24,Debit Card,1018
T000463,2024-04-02 05:31:33.951989,35,156,Electronics,13,50.27,653.51,Credit Card,1095
T000464,2023-09-16 05:31:33.951989,42,153,Clothing,17,64.84,1102.28,Debit Card,1035
T000465,2023-12-04 05:31:33.951989,23,161,Groceries,19,47.74,907.06,Online Payment,1074
T000466,2024-02-21 05:31:33.951989,4,159,Furniture,10,36.79,367.9,Cash,1044
T000467,2024-04-01 05:31:33.951989,26,126,Groceries,6,39.29,235.74,Online Payment,1045
T000468,2024-08-11 05:31:33.951989,18,143,Groceries,3,58.23,174.69,Online Payment,1020
T000469,2024-01-09 05:31:33.951989,13,177,Furniture,2,93.53,187.06,Credit Card,1064
T000470,2024-01-18 05:31:33.951989,8,118,Groceries,10,29.48,294.8,Debit Card,1099
T000471,2023-11-24 05:31:33.951989,30,140,Electronics,10,6.88,68.8,Cash,1093
T000472,2024-08-28 05:31:33.951989,6,191,Groceries,15,16.52,247.8,Cash,1078
T000473,2023-10-29 05:31:33.951989,43,140,Furniture,17,87.4,1485.8,Cash,1030
T000474,2024-03-17 05:31:33.951989,14,193,Clothing,20,96.5,1930.0,Cash,1064
T000475,2023-09-23 05:31:33.951989,42,144,Electronics,17,23.9,406.3,Debit Card,1072
T000476,2024-05-01 05:31:33.951989,41,151,Clothing,11,59.71,656.81,Debit Card,1008
T000477,2023-12-26 05:31:33.951989,39,116,Clothing,14,66.67,933.38,Cash,1012
T000478,2023-12-15 05:31:33.951989,2,197,Furniture,5,21.58,107.9,Credit Card,1074
T000479,2024-04-26 05:31:33.951989,4,147,Groceries,11,79.13,870.43,Cash,1097
T000480,2024-03-01 05:31:33.951989,22,165,Furniture,16,38.74,619.84,Online Payment,1001
T000481,2024-02-07 05:31:33.951989,16,171,Groceries,12,68.95,827.4,Online Payment,1067
T000482,2023-12-29 05:31:33.951989,9,113,Groceries,7,51.31,359.17,Credit Card,1027
T000483,2023-12-27 05:31:33.951989,37,140,Groceries,6,74.97,449.82,Online Payment,1091
T000484,2023-09-16 05:31:33.951989,14,130,Clothing,13,89.52,1163.76,Debit Card,1024
T000485,2024-08-06 05:31:33.951989,5,159,Groceries,1,41.2,41.2,Credit Card,1036
T000486,2023-12-11 05:31:33.951989,49,115,Toys,8,32.22,257.76,Credit Card,1021
T000487,2024-03-26 05:31:33.951989,36,134,Groceries,8,65.01,520.08,Credit Card,1096
T000488,2024-02-19 05:31:33.951989,14,157,Furniture,5,18.76,93.8,Debit Card,1068
T000489,2024-01-24 05:31:33.951989,38,131,Furniture,7,20.92,146.44,Cash,1000
T000490,2023-10-09 05:31:33.951989,14,118,Groceries,1,81.73,81.73,Cash,1092
T000491,2024-01-24 05:31:33.951989,15,112,Clothing,19,37.05,703.95,Online Payment,1012
T000492,2024-03-01 05:31:33.951989,22,106,Groceries,17,64.97,1104.49,Credit Card,1027
T000493,2024-07-28 05:31:33.951989,50,137,Furniture,6,59.31,355.86,Debit Card,1064
T000494,2024-05-21 05:31:33.951989,10,149,Furniture,4,85.65,342.6,Cash,1090
T000495,2024-03-26 05:31:33.951989,39,178,Clothing,12,11.78,141.36,Cash,1060
T000496,2024-08-16 05:31:33.951989,1,153,Toys,2,20.39,40.78,Online Payment,1046
T000497,2024-06-04 05:31:33.951989,18,131,Electronics,13,26.68,346.84,Debit Card,1089
T000498,2024-02-20 05:31:33.951989,10,120,Clothing,9,35.1,315.9,Cash,1075
T000499,2023-09-18 05:31:33.951989,9,141,Toys,18,32.68,588.24,Credit Card,1023
T000500,2023-11-02 05:31:33.951989,35,173,Electronics,20,30.41,608.2,Debit Card,1056
T000501,2024-01-15 05:31:33.951989,17,192,Toys,2,66.24,132.48,Debit Card,1086
T000502,2023-12-04 05:31:33.951989,12,140,Electronics,20,30.77,615.4,Cash,1013
T000503,2024-06-27 05:31:33.951989,8,124,Toys,2,47.27,94.54,Cash,1023
T000504,2024-01-17 05:31:33.951989,43,197,Clothing,4,86.97,347.88,Credit Card,1045
T000505,2023-09-23 05:31:33.951989,2,120,Furniture,1,39.5,39.5,Debit Card,1048
T000506,2023-10-29 05:31:33.951989,9,163,Furniture,2,60.76,121.52,Debit Card,1054
T000507,2024-07-05 05:31:33.951989,1,165,Toys,4,96.72,386.88,Online Payment,1027
T000508,2024-04-13 05:31:33.951989,23,159,Furniture,14,44.33,620.62,Credit Card,1065
T000509,2024-02-27 05:31:33.951989,16,163,Groceries,15,22.47,337.05,Debit Card,1029
T000510,2024-02-11 05:31:33.951989,38,139,Furniture,13,7.19,93.47,Cash,1052
T000511,2024-04-14 05:31:33.951989,21,163,Furniture,4,74.14,296.56,Debit Card,1014
T000512,2024-07-10 05:31:33.951989,2,102,Toys,18,67.89,1222.02,Cash,1097
T000513,2024-05-22 05:31:33.951989,12,111,Toys,9,94.34,849.06,Online Payment,1040
T000514,2023-11-02 05:31:33.951989,17,150,Groceries,16,71.57,1145.12,Debit Card,1015
T000515,2024-03-19 05:31:33.951989,4,164,Groceries,5,12.61,63.05,Debit Card,1059
T000516,2024-06-25 05:31:33.951989,9,158,Groceries,7,20.86,146.02,Credit Card,1014
T000517,2023-12-10 05:31:33.951989,48,130,Electronics,1,14.79,14.79,Cash,1066
T000518,2024-01-12 05:31:33.951989,27,127,Toys,10,11.06,110.6,Debit Card,1017
T000519,2023-09-26 05:31:33.951989,34,174,Clothing,14,88.48,1238.72,Credit Card,1063
T000520,2024-08-31 05:31:33.951989,8,145,Groceries,4,57.1,228.4,Debit Card,1097
T000521,2024-04-14 05:31:33.951989,48,106,Toys,17,7.5,127.5,Online Payment,1046
T000522,2023-09-04 05:31:33.951989,5,106,Groceries,9,42.72,384.48,Online Payment,1090
T000523,2024-05-27 05:31:33.951989,31,136,Toys,20,77.67,1553.4,Online Payment,1036
T000524,2024-06-05 05:31:33.951989,29,163,Toys,20,12.91,258.2,Cash,1071
T000525,2024-08-20 05:31:33.951989,50,176,Electronics,5,29.93,149.65,Credit Card,1092
T000526,2024-08-12 05:31:33.951989,24,183,Furniture,14,19.75,276.5,Online Payment,1005
T000527,2023-12-13 05:31:33.951989,33,186,Groceries,4,67.21,268.84,Credit Card,1010
T000528,2024-03-08 05:31:33.951989,38,160,Electronics,17,89.12,1515.04,Cash,1041
T000529,2024-04-11 05:31:33.951989,7,136,Clothing,20,34.39,687.8,Debit Card,1063
T000530,2023-10-09 05:31:33.951989,29,168,Furniture,4,28.5,114.0,Online Payment,1014
T000531,2024-08-09 05:31:33.951989,33,101,Furniture,10,32.0,320.0,Credit Card,1049
T000532,2024-02-20 05:31:33.951989,15,113,Electronics,4,64.52,258.08,Debit Card,1036
T000533,2024-07-19 05:31:33.951989,40,155,Electronics,4,17.47,69.88,Online Payment,1058
T000534,2024-02-11 05:31:33.951989,3,117,Clothing,16,84.66,1354.56,Cash,1076
T000535,2024-08-08 05:31:33.951989,47,133,Clothing,7,7.71,53.97,Credit Card,1094
T000536,2023-11-06 05:31:33.951989,43,193,Toys,20,68.04,1360.8,Cash,1039
T000537,2024-02-04 05:31:33.951989,34,146,Clothing,7,86.74,607.18,Online Payment,1087
T000538,2024-05-20 05:31:33.951989,20,197,Electronics,9,35.89,323.01,Cash,1056
T000539,2024-02-09 05:31:33.951989,30,151,Furniture,17,50.23,853.91,Debit Card,1028
T000540,2024-08-10 05:31:33.951989,42,146,Furniture,7,97.62,683.34,Cash,1070
T000541,2024-03-31 05:31:33.951989,2,105,Clothing,12,56.36,676.32,Debit Card,1052
T000542,2024-02-18 05:31:33.951989,4,151,Electronics,14,30.88,432.32,Cash,1037
T000543,2024-03-28 05:31:33.951989,31,106,Furniture,10,47.26,472.6,Online Payment,1054
T000544,2024-08-25 05:31:33.951989,26,172,Furniture,6,97.11,582.66,Online Payment,1024
T000545,2024-02-02 05:31:33.951989,28,171,Groceries,2,71.27,142.54,Cash,1008
T000546,2024-06-13 05:31:33.951989,44,124,Furniture,18,21.82,392.76,Credit Card,1060
T000547,2023-11-08 05:31:33.951989,7,146,Furniture,16,61.77,988.32,Online Payment,1086
T000548,2023-12-11 05:31:33.951989,32,170,Toys,7,64.95,454.65,Debit Card,1047
T000549,2024-04-06 05:31:33.951989,46,136,Groceries,16,65.41,1046.56,Debit Card,1022
T000550,2024-08-09 05:31:33.951989,29,109,Groceries,11,58.58,644.38,Debit Card,1001
T000551,2024-03-16 05:31:33.951989,5,149,Groceries,8,54.73,437.84,Credit Card,1086
T000552,2024-08-15 05:31:33.951989,6,164,Toys,1,65.76,65.76,Cash,1062
T000553,2023-12-02 05:31:33.951989,21,157,Toys,1,34.42,34.42,Credit Card,1086
T000554,2024-07-15 05:31:33.951989,39,197,Electronics,3,37.98,113.94,Credit Card,1013
T000555,2024-06-21 05:31:33.951989,10,170,Toys,4,56.27,225.08,Online Payment,1050
T000556,2024-02-05 05:31:33.951989,5,135,Furniture,19,81.45,1547.55,Online Payment,1056
T000557,2024-03-29 05:31:33.951989,9,179,Furniture,16,46.98,751.68,Debit Card,1066
T000558,2024-06-10 05:31:33.951989,18,187,Toys,5,39.75,198.75,Cash,1084
T000559,2023-09-04 05:31:33.951989,40,178,Furniture,3,29.68,89.04,Credit Card,1086
T000560,2024-02-06 05:31:33.951989,41,115,Clothing,17,33.84,575.28,Debit Card,1010
T000561,2024-01-28 05:31:33.951989,38,116,Toys,3,5.01,15.03,Online Payment,1015
T000562,2023-12-20 05:31:33.951989,36,112,Toys,4,82.46,329.84,Cash,1018
T000563,2024-04-11 05:31:33.951989,46,150,Groceries,9,85.55,769.95,Credit Card,1050
T000564,2024-06-26 05:31:33.951989,21,147,Clothing,8,37.67,301.36,Cash,1051
T000565,2024-07-10 05:31:33.951989,25,143,Clothing,15,49.57,743.55,Online Payment,1088
T000566,2024-08-04 05:31:33.951989,39,171,Groceries,10,5.79,57.9,Credit Card,1075
T000567,2024-02-15 05:31:33.951989,34,146,Electronics,9,92.6,833.4,Credit Card,1013
T000568,2024-04-29 05:31:33.951989,19,196,Toys,15,94.96,1424.4,Credit Card,1094
T000569,2024-04-17 05:31:33.951989,30,118,Furniture,2,50.32,100.64,Debit Card,1021
T000570,2024-04-17 05:31:33.951989,33,125,Toys,4,5.87,23.48,Credit Card,1008
T000571,2024-08-14 05:31:33.951989,39,177,Furniture,6,45.89,275.34,Cash,1046
T000572,2023-12-22 05:31:33.951989,28,165,Electronics,2,32.83,65.66,Online Payment,1025
T000573,2024-05-22 05:31:33.951989,7,151,Furniture,10,26.97,269.7,Cash,1043
T000574,2024-05-03 05:31:33.951989,45,164,Toys,12,5.69,68.28,Debit Card,1025
T000575,2023-11-29 05:31:33.951989,8,105,Electronics,11,40.5,445.5,Cash,1076
T000576,2024-08-06 05:31:33.951989,42,105,Toys,14,44.11,617.54,Online Payment,1051
T000577,2023-10-17 05:31:33.951989,42,104,Electronics,4,58.25,233.0,Online Payment,1015
T000578,2024-01-27 05:31:33.951989,50,117,Groceries,4,42.5,170.0,Cash,1029
T000579,2024-05-24 05:31:33.951989,36,191,Toys,2,20.51,41.02,Credit Card,1054
T000580,2024-08-08 05:31:33.951989,47,142,Groceries,1,75.03,75.03,Credit Card,1092
T000581,2024-07-24 05:31:33.951989,14,160,Toys,5,42.02,210.1,Online Payment,1063
T000582,2024-07-17 05:31:33.951989,28,166,Toys,6,40.94,245.64,Credit Card,1035
T000583,2024-02-22 05:31:33.951989,29,158,Toys,11,29.98,329.78,Cash,1097
T000584,2023-10-21 05:31:33.951989,15,119,Clothing,12,45.11,541.32,Online Payment,1091
T000585,2024-01-02 05:31:33.951989,27,177,Toys,15,27.76,416.4,Online Payment,1098
T000586,2024-08-13 05:31:33.951989,22,165,Toys,20,77.63,1552.6,Credit Card,1074
T000587,2024-02-09 05:31:33.951989,30,117,Electronics,9,91.45,823.05,Cash,1075
T000588,2023-12-28 05:31:33.951989,26,141,Clothing,3,81.72,245.16,Debit Card,1034
T000589,2023-12-14 05:31:33.951989,27,178,Electronics,12,70.04,840.48,Credit Card,1096
T000590,2023-11-18 05:31:33.951989,47,140,Furniture,11,32.04,352.44,Debit Card,1082
T000591,2023-09-16 05:31:33.951989,7,120,Furniture,6,75.58,453.48,Cash,1051
T000592,2023-09-27 05:31:33.951989,21,150,Electronics,4,81.84,327.36,Debit Card,1045
T000593,2024-01-07 05:31:33.951989,28,178,Furniture,13,44.23,574.99,Online Payment,1060
T000594,2024-05-04 05:31:33.951989,21,194,Furniture,13,86.08,1119.04,Credit Card,1085
T000595,2024-07-12 05:31:33.951989,43,138,Furniture,15,22.33,334.95,Credit Card,1077
T000596,2023-10-11 05:31:33.951989,17,175,Groceries,9,32.51,292.59,Cash,1051
T000597,2024-04-24 05:31:33.951989,24,143,Electronics,13,65.5,851.5,Cash,1062
T000598,2024-04-03 05:31:33.951989,10,164,Electronics,16,63.68,1018.88,Debit Card,1065
T000599,2024-07-22 05:31:33.951989,44,165,Clothing,14,30.85,431.9,Online Payment,1035
T000600,2024-06-24 05:31:33.951989,31,168,Electronics,6,64.16,384.96,Debit Card,1018
T000601,2023-12-12 05:31:33.951989,5,162,Groceries,4,22.84,91.36,Cash,1098
T000602,2024-08-25 05:31:33.951989,6,190,Groceries,5,6.84,34.2,Debit Card,1058
T000603,2024-03-18 05:31:33.951989,6,172,Groceries,2,9.72,19.44,Cash,1013
T000604,2024-05-14 05:31:33.951989,6,138,Electronics,6,55.82,334.92,Credit Card,1015
T000605,2024-03-26 05:31:33.951989,28,160,Clothing,4,22.66,90.64,Online Payment,1032
T000606,2024-01-06 05:31:33.951989,7,102,Electronics,14,14.72,206.08,Credit Card,1062
T000607,2023-11-18 05:31:33.951989,48,147,Toys,19,30.57,580.83,Online Payment,1063
T000608,2024-08-04 05:31:33.951989,48,142,Furniture,16,72.94,1167.04,Cash,1029
T000609,2024-08-21 05:31:33.951989,24,186,Groceries,19,74.08,1407.52,Debit Card,1080
T000610,2023-09-06 05:31:33.951989,9,114,Clothing,15,27.12,406.8,Online Payment,1017
T000611,2023-10-28 05:31:33.951989,36,153,Electronics,6,19.31,115.86,Debit Card,1003
T000612,2024-04-08 05:31:33.951989,4,174,Toys,20,51.89,1037.8,Credit Card,1012
T000613,2023-12-25 05:31:33.951989,38,139,Electronics,13,37.48,487.24,Online Payment,1094
T000614,2023-12-03 05:31:33.951989,36,192,Clothing,12,34.6,415.2,Debit Card,1006
T000615,2024-08-25 05:31:33.951989,36,188,Clothing,20,80.95,1619.0,Online Payment,1008
T000616,2024-05-26 05:31:33.951989,22,180,Clothing,1,99.81,99.81,Cash,1063
T000617,2024-04-28 05:31:33.951989,43,103,Toys,5,49.05,245.25,Online Payment,1086
T000618,2023-09-29 05:31:33.951989,8,176,Toys,16,80.19,1283.04,Online Payment,1003
T000619,2024-06-15 05:31:33.951989,27,160,Furniture,16,36.37,581.92,Cash,1022
T000620,2024-01-09 05:31:33.951989,23,133,Furniture,4,85.14,340.56,Cash,1048
T000621,2023-11-05 05:31:33.951989,43,183,Electronics,14,95.41,1335.74,Credit Card,1077
T000622,2024-04-24 05:31:33.951989,49,200,Groceries,15,10.32,154.8,Debit Card,1086
T000623,2023-11-11 05:31:33.951989,28,199,Furniture,2,78.69,157.38,Cash,1041
T000624,2024-04-28 05:31:33.951989,47,174,Electronics,3,11.78,35.34,Online Payment,1019
T000625,2024-08-10 05:31:33.951989,4,173,Clothing,9,49.66,446.94,Debit Card,1038
T000626,2024-06-01 05:31:33.951989,19,129,Clothing,11,23.26,255.86,Debit Card,1079
T000627,2024-06-16 05:31:33.951989,39,192,Furniture,1,84.95,84.95,Debit Card,1079
T000628,2024-07-04 05:31:33.951989,20,106,Toys,17,82.64,1404.88,Credit Card,1012
T000629,2024-02-13 05:31:33.951989,23,174,Furniture,19,83.68,1589.92,Cash,1097
T000630,2024-04-17 05:31:33.951989,7,161,Groceries,19,16.59,315.21,Debit Card,1009
T000631,2024-07-13 05:31:33.951989,37,121,Clothing,8,77.97,623.76,Credit Card,1084
T000632,2024-05-19 05:31:33.951989,33,167,Toys,11,28.65,315.15,Debit Card,1096
T000633,2024-04-09 05:31:33.951989,14,180,Electronics,17,78.27,1330.59,Debit Card,1066
T000634,2024-06-10 05:31:33.951989,10,192,Electronics,17,47.08,800.36,Online Payment,1098
T000635,2024-04-19 05:31:33.951989,43,179,Furniture,20,75.07,1501.4,Credit Card,1063
T000636,2023-11-24 05:31:33.951989,31,199,Clothing,4,8.18,32.72,Credit Card,1059
T000637,2024-05-04 05:31:33.951989,15,148,Groceries,14,48.78,682.92,Credit Card,1025
T000638,2024-04-21 05:31:33.951989,7,118,Furniture,8,78.24,625.92,Cash,1037
T000639,2024-01-14 05:31:33.951989,23,187,Clothing,16,54.51,872.16,Credit Card,1084
T000640,2024-01-08 05:31:33.951989,36,131,Furniture,12,98.3,1179.6,Cash,1063
T000641,2024-07-26 05:31:33.951989,24,104,Clothing,13,49.92,648.96,Credit Card,1062
T000642,2024-01-23 05:31:33.951989,8,173,Furniture,5,69.74,348.7,Credit Card,1064
T000643,2024-05-27 05:31:33.951989,49,189,Furniture,18,34.65,623.7,Credit Card,1033
T000644,2024-05-09 05:31:33.951989,18,114,Clothing,20,35.69,713.8,Online Payment,1069
T000645,2024-07-20 05:31:33.951989,37,124,Toys,2,64.77,129.54,Debit Card,1043
T000646,2024-01-04 05:31:33.951989,15,102,Electronics,1,9.01,9.01,Online Payment,1069
T000647,2024-01-22 05:31:33.951989,28,156,Toys,6,94.05,564.3,Online Payment,1069
T000648,2024-04-16 05:31:33.951989,36,140,Toys,17,54.49,926.33,Debit Card,1002
T000649,2023-10-13 05:31:33.951989,50,153,Clothing,16,29.06,464.96,Debit Card,1097
T000650,2024-09-03 05:31:33.951989,40,119,Furniture,16,65.66,1050.56,Credit Card,1004
T000651,2024-01-28 05:31:33.951989,40,152,Electronics,6,23.88,143.28,Online Payment,1055
T000652,2024-01-02 05:31:33.951989,44,188,Clothing,3,89.31,267.93,Credit Card,1015
T000653,2024-01-21 05:31:33.951989,42,126,Furniture,16,87.05,1392.8,Debit Card,1049
T000654,2024-02-22 05:31:33.951989,36,152,Furniture,11,25.69,282.59,Online Payment,1057
T000655,2024-02-14 05:31:33.951989,2,164,Furniture,8,15.73,125.84,Debit Card,1040
T000656,2024-06-06 05:31:33.951989,39,199,Clothing,11,65.13,716.43,Online Payment,1048
T000657,2023-10-15 05:31:33.951989,43,178,Clothing,9,35.83,322.47,Online Payment,1056
T000658,2023-11-13 05:31:33.951989,45,160,Clothing,2,20.9,41.8,Debit Card,1058
T000659,2023-11-20 05:31:33.951989,18,194,Furniture,17,31.23,530.91,Cash,1004
T000660,2023-12-31 05:31:33.951989,2,193,Electronics,8,16.37,130.96,Cash,1004
T000661,2024-03-18 05:31:33.951989,12,107,Toys,18,79.97,1439.46,Online Payment,1022
T000662,2024-08-24 05:31:33.951989,18,190,Electronics,13,5.85,76.05,Debit Card,1071
T000663,2023-11-21 05:31:33.951989,45,117,Clothing,13,8.99,116.87,Online Payment,1084
T000664,2024-08-30 05:31:33.951989,49,166,Clothing,8,79.43,635.44,Cash,1099
T000665,2023-12-22 05:31:33.951989,20,126,Clothing,3,50.15,150.45,Cash,1038
T000666,2023-10-06 05:31:33.951989,22,171,Toys,15,61.64,924.6,Online Payment,1090
T000667,2024-04-03 05:31:33.951989,23,141,Groceries,15,40.28,604.2,Online Payment,1021
T000668,2024-03-30 05:31:33.951989,1,184,Groceries,19,13.5,256.5,Cash,1062
T000669,2024-02-20 05:31:33.951989,12,161,Electronics,15,19.98,299.7,Credit Card,1055
T000670,2024-06-07 05:31:33.951989,10,167,Groceries,3,13.68,41.04,Credit Card,1017
T000671,2024-04-29 05:31:33.951989,37,148,Toys,16,63.77,1020.32,Online Payment,1039
T000672,2024-04-03 05:31:33.951989,43,140,Electronics,15,93.43,1401.45,Cash,1091
T000673,2023-10-05 05:31:33.951989,26,122,Groceries,11,99.71,1096.81,Cash,1049
T000674,2023-12-18 05:31:33.951989,5,158,Electronics,4,64.39,257.56,Credit Card,1062
T000675,2024-04-06 05:31:33.951989,10,168,Clothing,16,10.68,170.88,Online Payment,1097
T000676,2024-03-21 05:31:33.951989,48,143,Toys,1,66.23,66.23,Cash,1014
T000677,2024-06-29 05:31:33.951989,41,169,Toys,4,71.63,286.52,Cash,1072
T000678,2024-08-25 05:31:33.951989,2,145,Clothing,13,80.19,1042.47,Cash,1086
T000679,2023-09-14 05:31:33.951989,6,186,Clothing,14,16.95,237.3,Online Payment,1062
T000680,2024-06-24 05:31:33.951989,48,198,Furniture,2,27.1,54.2,Debit Card,1084
T000681,2024-03-16 05:31:33.951989,34,192,Furniture,18,98.26,1768.68,Credit Card,1070
T000682,2024-05-05 05:31:33.951989,14,187,Groceries,18,79.91,1438.38,Cash,1087
T000683,2023-09-07 05:31:33.951989,25,182,Groceries,1,76.89,76.89,Credit Card,1069
T000684,2024-03-02 05:31:33.951989,27,188,Furniture,3,81.52,244.56,Online Payment,1073
T000685,2024-02-03 05:31:33.951989,30,133,Groceries,20,46.68,933.6,Credit Card,1060
T000686,2024-03-21 05:31:33.951989,22,178,Electronics,20,23.33,466.6,Debit Card,1060
T000687,2024-04-05 05:31:33.951989,11,161,Electronics,10,70.48,704.8,Online Payment,1071
T000688,2024-06-05 05:31:33.951989,24,124,Electronics,17,39.03,663.51,Debit Card,1020
T000689,2024-06-09 05:31:33.951989,20,131,Toys,18,17.8,320.4,Credit Card,1064
T000690,2024-07-08 05:31:33.951989,47,135,Toys,7,90.37,632.59,Credit Card,1007
T000691,2023-12-25 05:31:33.951989,21,171,Electronics,15,51.1,766.5,Debit Card,1050
T000692,2024-05-10 05:31:33.951989,50,138,Clothing,11,46.56,512.16,Cash,1033
T000693,2023-12-25 05:31:33.951989,37,128,Groceries,12,33.0,396.0,Cash,1063
T000694,2024-01-21 05:31:33.951989,39,138,Furniture,2,71.22,142.44,Online Payment,1075
T000695,2024-04-14 05:31:33.951989,6,198,Furniture,8,23.03,184.24,Credit Card,1048
T000696,2024-05-09 05:31:33.951989,4,136,Furniture,15,22.73,340.95,Debit Card,1078
T000697,2023-09-18 05:31:33.951989,10,190,Clothing,11,38.03,418.33,Online Payment,1086
T000698,2024-03-21 05:31:33.951989,11,126,Groceries,18,74.58,1342.44,Debit Card,1045
T000699,2024-02-23 05:31:33.951989,49,188,Toys,20,31.16,623.2,Cash,1098
T000700,2024-08-11 05:31:33.951989,40,190,Clothing,20,83.98,1679.6,Debit Card,1036
T000701,2024-08-16 05:31:33.951989,4,162,Clothing,16,91.88,1470.08,Online Payment,1041
T000702,2024-03-29 05:31:33.951989,44,140,Toys,12,57.68,692.16,Debit Card,1007
T000703,2023-11-27 05:31:33.951989,6,161,Electronics,15,11.54,173.1,Debit Card,1003
T000704,2024-04-30 05:31:33.951989,18,144,Furniture,4,19.73,78.92,Online Payment,1075
T000705,2023-11-08 05:31:33.951989,29,171,Electronics,4,33.09,132.36,Cash,1005
T000706,2024-07-18 05:31:33.951989,43,192,Furniture,8,30.02,240.16,Cash,1016
T000707,2024-06-03 05:31:33.951989,28,135,Furniture,1,39.88,39.88,Online Payment,1046
T000708,2023-09-17 05:31:33.951989,32,136,Electronics,11,5.07,55.77,Online Payment,1044
T000709,2024-03-23 05:31:33.951989,39,115,Electronics,12,65.61,787.32,Online Payment,1094
T000710,2024-07-03 05:31:33.951989,29,173,Electronics,10,41.01,410.1,Debit Card,1074
T000711,2024-06-18 05:31:33.951989,27,186,Electronics,18,22.63,407.34,Credit Card,1003
T000712,2024-08-08 05:31:33.951989,18,169,Groceries,17,6.78,115.26,Online Payment,1097
T000713,2023-09-17 05:31:33.951989,14,148,Clothing,12,86.4,1036.8,Online Payment,1080
T000714,2023-10-16 05:31:33.951989,49,150,Groceries,4,78.72,314.88,Cash,1043
T000715,2024-07-29 05:31:33.951989,33,144,Toys,2,27.68,55.36,Debit Card,1048
T000716,2024-04-10 05:31:33.951989,8,198,Clothing,6,73.5,441.0,Online Payment,1012
T000717,2023-11-12 05:31:33.951989,23,118,Clothing,16,67.54,1080.64,Cash,1054
T000718,2024-04-27 05:31:33.951989,28,137,Furniture,5,56.2,281.0,Debit Card,1044
T000719,2023-12-06 05:31:33.951989,8,105,Toys,14,41.81,585.34,Cash,1045
T000720,2023-09-29 05:31:33.951989,19,136,Furniture,4,54.79,219.16,Debit Card,1052
T000721,2024-01-15 05:31:33.951989,44,191,Electronics,9,52.27,470.43,Online Payment,1044
T000722,2024-03-16 05:31:33.951989,44,110,Toys,20,57.39,1147.8,Credit Card,1007
T000723,2024-02-18 05:31:33.951989,38,144,Clothing,7,63.24,442.68,Debit Card,1084
T000724,2023-12-21 05:31:33.951989,32,156,Groceries,7,35.65,249.55,Online Payment,1031
T000725,2024-04-23 05:31:33.951989,34,183,Groceries,4,65.89,263.56,Credit Card,1031
T000726,2024-02-18 05:31:33.951989,43,132,Clothing,13,15.49,201.37,Cash,1030
T000727,2024-02-23 05:31:33.951989,20,195,Toys,7,54.7,382.9,Online Payment,1082
T000728,2024-03-16 05:31:33.951989,3,161,Furniture,15,11.33,169.95,Debit Card,1039
T000729,2024-01-24 05:31:33.951989,15,127,Groceries,7,84.34,590.38,Credit Card,1075
T000730,2024-04-06 05:31:33.951989,26,125,Groceries,11,17.33,190.63,Credit Card,1010
T000731,2024-01-11 05:31:33.951989,39,168,Electronics,4,87.98,351.92,Cash,1088
T000732,2023-10-15 05:31:33.951989,4,134,Toys,14,24.2,338.8,Credit Card,1008
T000733,2024-05-01 05:31:33.951989,1,171,Electronics,2,51.11,102.22,Debit Card,1039
T000734,2023-09-13 05:31:33.951989,14,189,Electronics,19,14.38,273.22,Online Payment,1014
T000735,2024-06-06 05:31:33.951989,20,134,Furniture,4,59.25,237.0,Debit Card,1043
T000736,2023-09-30 05:31:33.951989,14,117,Toys,15,84.45,1266.75,Cash,1021
T000737,2024-03-01 05:31:33.951989,50,113,Furniture,15,67.5,1012.5,Credit Card,1002
T000738,2023-12-27 05:31:33.951989,9,178,Electronics,19,54.95,1044.05,Debit Card,1068
T000739,2024-08-01 05:31:33.951989,49,194,Furniture,17,71.62,1217.54,Debit Card,1041
T000740,2023-10-09 05:31:33.951989,17,175,Electronics,5,29.31,146.55,Credit Card,1004
T000741,2024-08-02 05:31:33.951989,19,130,Toys,16,39.8,636.8,Credit Card,1058
T000742,2023-09-24 05:31:33.951989,21,131,Electronics,1,62.57,62.57,Debit Card,1084
T000743,2023-09-19 05:31:33.951989,8,106,Electronics,17,11.73,199.41,Debit Card,1054
T000744,2024-01-08 05:31:33.951989,1,185,Clothing,2,93.37,186.74,Cash,1072
T000745,2023-12-15 05:31:33.951989,32,167,Toys,18,24.83,446.94,Credit Card,1065
T000746,2023-09-14 05:31:33.951989,48,128,Electronics,14,51.68,723.52,Debit Card,1053
T000747,2024-07-18 05:31:33.951989,28,181,Toys,19,89.53,1701.07,Cash,1034
T000748,2023-11-21 05:31:33.951989,12,129,Electronics,16,12.6,201.6,Debit Card,1002
T000749,2024-01-04 05:31:33.951989,9,106,Toys,17,81.1,1378.7,Online Payment,1089
T000750,2023-11-07 05:31:33.951989,25,112,Furniture,6,10.77,64.62,Cash,1060
T000751,2024-05-03 05:31:33.951989,35,152,Furniture,19,58.01,1102.19,Online Payment,1075
T000752,2024-08-11 05:31:33.951989,46,142,Clothing,6,94.13,564.78,Credit Card,1002
T000753,2023-11-01 05:31:33.951989,15,191,Clothing,5,44.52,222.6,Credit Card,1040
T000754,2024-06-18 05:31:33.951989,33,160,Toys,4,40.06,160.24,Online Payment,1048
T000755,2023-12-24 05:31:33.951989,36,112,Clothing,13,72.3,939.9,Credit Card,1073
T000756,2024-04-29 05:31:33.951989,43,187,Toys,20,83.25,1665.0,Credit Card,1049
T000757,2024-08-27 05:31:33.951989,23,198,Groceries,20,30.25,605.0,Online Payment,1041
T000758,2024-01-13 05:31:33.951989,5,117,Electronics,11,8.86,97.46,Debit Card,1073
T000759,2024-03-10 05:31:33.951989,26,100,Furniture,17,11.69,198.73,Cash,1012
T000760,2023-11-28 05:31:33.951989,48,170,Electronics,13,33.87,440.31,Debit Card,1062
T000761,2024-07-10 05:31:33.951989,3,120,Clothing,14,94.74,1326.36,Online Payment,1012
T000762,2024-07-10 05:31:33.951989,28,152,Groceries,20,96.26,1925.2,Credit Card,1088
T000763,2023-11-01 05:31:33.951989,2,183,Electronics,8,14.23,113.84,Debit Card,1086
T000764,2023-11-26 05:31:33.951989,30,160,Groceries,9,73.89,665.01,Online Payment,1026
T000765,2024-02-10 05:31:33.951989,5,161,Toys,13,55.51,721.63,Credit Card,1043
T000766,2023-10-29 05:31:33.951989,21,183,Toys,11,23.0,253.0,Credit Card,1063
T000767,2024-06-26 05:31:33.951989,37,125,Furniture,10,54.99,549.9,Debit Card,1064
T000768,2023-09-17 05:31:33.951989,28,196,Clothing,15,28.63,429.45,Cash,1097
T000769,2024-02-10 05:31:33.951989,37,136,Electronics,5,64.41,322.05,Online Payment,1085
T000770,2024-06-24 05:31:33.951989,26,141,Groceries,5,22.0,110.0,Credit Card,1043
T000771,2024-08-15 05:31:33.951989,46,136,Clothing,14,76.17,1066.38,Debit Card,1021
T000772,2024-03-14 05:31:33.951989,41,182,Clothing,20,44.44,888.8,Credit Card,1078
T000773,2024-03-25 05:31:33.951989,27,107,Furniture,17,15.02,255.34,Credit Card,1038
T000774,2023-12-14 05:31:33.951989,19,198,Furniture,10,65.67,656.7,Credit Card,1046
T000775,2023-10-12 05:31:33.951989,8,111,Clothing,18,39.01,702.18,Cash,1055
T000776,2024-07-03 05:31:33.951989,26,183,Clothing,11,48.58,534.38,Online Payment,1025
T000777,2024-08-22 05:31:33.951989,2,173,Toys,18,68.2,1227.6,Cash,1063
T000778,2024-07-21 05:31:33.951989,21,129,Toys,7,88.87,622.09,Credit Card,1081
T000779,2024-01-06 05:31:33.951989,11,168,Furniture,7,20.85,145.95,Debit Card,1100
T000780,2023-10-26 05:31:33.951989,40,194,Furniture,7,22.14,154.98,Online Payment,1009
T000781,2024-08-25 05:31:33.951989,30,192,Groceries,20,43.15,863.0,Credit Card,1068
T000782,2024-02-05 05:31:33.951989,45,104,Furniture,10,37.06,370.6,Cash,1027
T000783,2024-08-19 05:31:33.951989,24,122,Electronics,12,20.03,240.36,Online Payment,1036
T000784,2024-07-07 05:31:33.951989,6,153,Toys,5,99.85,499.25,Credit Card,1033
T000785,2023-11-04 05:31:33.951989,28,122,Electronics,6,47.09,282.54,Online Payment,1006
T000786,2024-06-19 05:31:33.951989,7,104,Groceries,17,38.47,653.99,Cash,1038
T000787,2023-09-25 05:31:33.951989,16,150,Furniture,18,34.94,628.92,Online Payment,1073
T000788,2024-02-28 05:31:33.951989,28,200,Furniture,11,99.19,1091.09,Online Payment,1051
T000789,2024-06-02 05:31:33.951989,38,163,Electronics,4,35.84,143.36,Debit Card,1028
T000790,2024-04-10 05:31:33.951989,26,123,Clothing,12,40.31,483.72,Cash,1079
T000791,2024-08-07 05:31:33.951989,34,195,Furniture,18,77.6,1396.8,Online Payment,1095
T000792,2024-03-11 05:31:33.951989,6,137,Clothing,16,45.91,734.56,Debit Card,1011
T000793,2023-10-09 05:31:33.951989,26,104,Furniture,19,73.96,1405.24,Credit Card,1091
T000794,2024-05-20 05:31:33.951989,20,101,Clothing,19,62.8,1193.2,Online Payment,1074
T000795,2024-07-31 05:31:33.951989,48,138,Clothing,14,58.5,819.0,Online Payment,1012
T000796,2024-02-25 05:31:33.951989,22,172,Toys,18,25.32,455.76,Online Payment,1075
T000797,2023-09-10 05:31:33.951989,15,177,Groceries,10,77.74,777.4,Debit Card,1043
T000798,2024-04-06 05:31:33.951989,22,113,Toys,14,92.98,1301.72,Cash,1034
T000799,2024-05-11 05:31:33.951989,50,142,Toys,1,29.14,29.14,Credit Card,1008
T000800,2023-10-28 05:31:33.951989,11,136,Electronics,17,96.36,1638.12,Credit Card,1072
T000801,2024-04-12 05:31:33.951989,5,158,Clothing,4,47.51,190.04,Cash,1067
T000802,2024-03-07 05:31:33.951989,33,182,Electronics,1,42.72,42.72,Debit Card,1060
T000803,2024-07-25 05:31:33.951989,41,169,Clothing,13,74.0,962.0,Debit Card,1054
T000804,2024-04-26 05:31:33.951989,8,167,Toys,5,98.38,491.9,Cash,1026
T000805,2024-08-31 05:31:33.951989,34,163,Groceries,2,61.6,123.2,Online Payment,1044
T000806,2023-11-21 05:31:33.951989,33,117,Toys,2,54.17,108.34,Credit Card,1009
T000807,2024-04-13 05:31:33.951989,13,164,Groceries,7,99.37,695.59,Credit Card,1083
T000808,2023-12-03 05:31:33.951989,50,159,Furniture,9,33.67,303.03,Online Payment,1038
T000809,2024-05-28 05:31:33.951989,23,134,Groceries,6,33.53,201.18,Debit Card,1064
T000810,2024-08-02 05:31:33.951989,23,124,Groceries,10,26.08,260.8,Online Payment,1038
T000811,2024-01-20 05:31:33.951989,47,114,Furniture,9,86.29,776.61,Credit Card,1055
T000812,2024-07-15 05:31:33.951989,42,142,Clothing,5,7.06,35.3,Cash,1084
T000813,2024-06-05 05:31:33.951989,10,120,Groceries,2,83.08,166.16,Credit Card,1069
T000814,2024-05-08 05:31:33.951989,16,193,Electronics,10,70.52,705.2,Credit Card,1040
T000815,2024-04-29 05:31:33.951989,7,158,Furniture,7,31.22,218.54,Credit Card,1025
T000816,2024-04-14 05:31:33.951989,10,182,Electronics,18,57.6,1036.8,Debit Card,1053
T000817,2024-07-03 05:31:33.951989,17,132,Clothing,2,57.85,115.7,Online Payment,1051
T000818,2024-01-19 05:31:33.951989,13,191,Toys,12,92.96,1115.52,Cash,1032
T000819,2024-02-16 05:31:33.951989,12,123,Toys,15,19.7,295.5,Online Payment,1079
T000820,2024-01-07 05:31:33.951989,39,101,Clothing,4,8.58,34.32,Online Payment,1065
T000821,2023-10-18 05:31:33.951989,10,194,Toys,20,38.79,775.8,Debit Card,1058
T000822,2024-01-24 05:31:33.951989,49,143,Clothing,18,18.15,326.7,Credit Card,1085
T000823,2024-04-21 05:31:33.951989,49,137,Groceries,8,39.87,318.96,Debit Card,1097
T000824,2024-01-06 05:31:33.951989,42,172,Clothing,18,60.3,1085.4,Debit Card,1070
T000825,2024-04-28 05:31:33.951989,5,186,Toys,13,27.13,352.69,Cash,1023
T000826,2024-06-21 05:31:33.951989,12,196,Electronics,8,82.05,656.4,Online Payment,1002
T000827,2024-07-12 05:31:33.951989,50,124,Furniture,17,13.73,233.41,Debit Card,1080
T000828,2024-08-11 05:31:33.951989,41,122,Electronics,10,42.98,429.8,Credit Card,1090
T000829,2024-03-16 05:31:33.951989,32,178,Electronics,2,92.2,184.4,Credit Card,1066
T000830,2024-02-23 05:31:33.951989,30,181,Groceries,13,74.76,971.88,Cash,1023
T000831,2023-09-18 05:31:33.951989,49,151,Clothing,13,73.74,958.62,Online Payment,1073
T000832,2024-05-14 05:31:33.951989,37,154,Electronics,14,80.33,1124.62,Debit Card,1063
T000833,2024-02-17 05:31:33.951989,49,165,Clothing,11,21.43,235.73,Online Payment,1027
T000834,2023-12-06 05:31:33.951989,38,141,Furniture,18,83.44,1501.92,Cash,1084
T000835,2024-05-10 05:31:33.951989,29,111,Groceries,2,70.51,141.02,Credit Card,1095
T000836,2023-12-21 05:31:33.951989,44,151,Groceries,1,59.74,59.74,Credit Card,1059
T000837,2024-03-03 05:31:33.951989,37,185,Toys,9,91.23,821.07,Credit Card,1034
T000838,2024-01-14 05:31:33.951989,42,112,Electronics,7,61.55,430.85,Debit Card,1081
T000839,2024-02-25 05:31:33.951989,41,123,Toys,20,33.54,670.8,Credit Card,1068
T000840,2024-01-25 05:31:33.951989,40,117,Clothing,15,74.42,1116.3,Cash,1078
T000841,2024-07-05 05:31:33.951989,21,161,Furniture,8,59.75,478.0,Online Payment,1098
T000842,2024-08-28 05:31:33.951989,41,141,Furniture,12,12.46,149.52,Debit Card,1055
T000843,2024-01-23 05:31:33.951989,21,131,Clothing,19,10.31,195.89,Credit Card,1072
T000844,2024-06-14 05:31:33.951989,10,100,Toys,18,78.24,1408.32,Online Payment,1093
T000845,2023-09-09 05:31:33.951989,29,133,Electronics,20,38.05,761.0,Debit Card,1080
T000846,2024-05-25 05:31:33.951989,5,149,Furniture,7,82.63,578.41,Cash,1007
T000847,2023-12-10 05:31:33.951989,31,130,Toys,7,44.57,311.99,Credit Card,1066
T000848,2023-10-17 05:31:33.951989,29,157,Clothing,10,87.44,874.4,Online Payment,1025
T000849,2024-01-05 05:31:33.951989,41,196,Electronics,15,87.63,1314.45,Debit Card,1046
T000850,2024-03-30 05:31:33.951989,20,134,Clothing,6,26.54,159.24,Online Payment,1059
T000851,2024-05-11 05:31:33.951989,18,142,Toys,3,67.01,201.03,Cash,1018
T000852,2024-06-14 05:31:33.951989,38,138,Electronics,6,62.22,373.32,Credit Card,1030
T000853,2024-01-05 05:31:33.951989,4,174,Toys,6,6.09,36.54,Debit Card,1019
T000854,2024-08-22 05:31:33.951989,23,192,Toys,17,78.85,1340.45,Credit Card,1095
T000855,2024-05-04 05:31:33.951989,33,173,Groceries,4,41.34,165.36,Debit Card,1087
T000856,2024-07-30 05:31:33.951989,5,101,Groceries,13,33.95,441.35,Cash,1097
T000857,2024-09-02 05:31:33.951989,20,133,Electronics,2,8.91,17.82,Cash,1038
T000858,2024-05-12 05:31:33.951989,30,183,Electronics,14,56.29,788.06,Cash,1055
T000859,2024-04-20 05:31:33.951989,29,146,Furniture,9,19.21,172.89,Online Payment,1052
T000860,2023-09-12 05:31:33.951989,3,188,Electronics,18,52.73,949.14,Online Payment,1040
T000861,2023-10-21 05:31:33.951989,4,130,Electronics,9,25.98,233.82,Credit Card,1008
T000862,2024-02-01 05:31:33.951989,24,107,Furniture,5,9.8,49.0,Debit Card,1081
T000863,2023-12-26 05:31:33.951989,19,185,Clothing,6,74.5,447.0,Online Payment,1026
T000864,2024-03-29 05:31:33.951989,5,115,Electronics,19,42.32,804.08,Credit Card,1052
T000865,2024-08-23 05:31:33.951989,42,159,Groceries,9,47.33,425.97,Online Payment,1034
T000866,2024-01-06 05:31:33.951989,6,139,Furniture,1,61.54,61.54,Cash,1036
T000867,2024-02-07 05:31:33.951989,40,120,Toys,11,52.95,582.45,Credit Card,1082
T000868,2024-08-08 05:31:33.951989,39,151,Electronics,15,26.1,391.5,Online Payment,1020
T000869,2024-06-27 05:31:33.951989,33,187,Groceries,5,32.53,162.65,Debit Card,1032
T000870,2024-03-10 05:31:33.951989,25,164,Toys,2,42.46,84.92,Debit Card,1087
T000871,2024-05-03 05:31:33.951989,30,190,Electronics,5,17.56,87.8,Cash,1076
T000872,2024-06-13 05:31:33.951989,38,198,Toys,11,12.84,141.24,Credit Card,1030
T000873,2024-06-01 05:31:33.951989,36,139,Electronics,20,59.29,1185.8,Debit Card,1051
T000874,2024-02-27 05:31:33.951989,48,188,Furniture,2,9.68,19.36,Cash,1030
T000875,2024-04-08 05:31:33.951989,3,115,Toys,20,42.92,858.4,Online Payment,1014
T000876,2024-06-11 05:31:33.951989,29,181,Electronics,10,13.08,130.8,Cash,1019
T000877,2024-02-20 05:31:33.951989,37,137,Toys,16,52.67,842.72,Credit Card,1024
T000878,2024-03-02 05:31:33.951989,42,147,Toys,19,78.51,1491.69,Debit Card,1003
T000879,2024-08-28 05:31:33.951989,13,178,Electronics,18,17.39,313.02,Online Payment,1031
T000880,2024-04-23 05:31:33.951989,21,128,Toys,12,17.81,213.72,Cash,1039
T000881,2024-01-20 05:31:33.951989,39,128,Electronics,3,58.13,174.39,Credit Card,1059
T000882,2024-02-07 05:31:33.951989,31,117,Toys,11,51.35,564.85,Cash,1062
T000883,2024-01-10 05:31:33.951989,33,161,Groceries,17,66.96,1138.32,Cash,1071
T000884,2023-12-31 05:31:33.951989,10,119,Furniture,8,23.63,189.04,Online Payment,1055
T000885,2023-11-04 05:31:33.951989,4,158,Groceries,6,63.52,381.12,Credit Card,1054
T000886,2023-12-11 05:31:33.951989,29,195,Clothing,17,74.89,1273.13,Online Payment,1082
T000887,2024-02-12 05:31:33.951989,7,177,Groceries,3,28.39,85.17,Cash,1004
T000888,2023-11-04 05:31:33.951989,22,147,Clothing,17,11.81,200.77,Cash,1025
T000889,2024-06-04 05:31:33.951989,46,153,Toys,6,78.79,472.74,Credit Card,1020
T000890,2024-08-22 05:31:33.951989,6,189,Clothing,14,35.72,500.08,Debit Card,1034
T000891,2023-12-07 05:31:33.951989,33,170,Groceries,18,92.79,1670.22,Debit Card,1017
T000892,2023-12-11 05:31:33.951989,42,160,Electronics,18,13.51,243.18,Online Payment,1003
T000893,2023-12-23 05:31:33.951989,12,196,Furniture,13,68.82,894.66,Credit Card,1033
T000894,2024-05-08 05:31:33.951989,3,168,Furniture,3,45.24,135.72,Credit Card,1035
T000895,2024-01-23 05:31:33.951989,16,185,Furniture,12,38.09,457.08,Debit Card,1084
T000896,2024-07-01 05:31:33.951989,46,127,Groceries,8,35.47,283.76,Credit Card,1070
T000897,2024-05-29 05:31:33.951989,29,197,Toys,7,61.42,429.94,Credit Card,1022
T000898,2024-07-05 05:31:33.951989,29,131,Groceries,11,7.3,80.3,Online Payment,1082
T000899,2024-01-26 05:31:33.951989,34,187,Electronics,11,33.96,373.56,Cash,1005
T000900,2023-10-25 05:31:33.951989,34,196,Clothing,12,98.83,1185.96,Credit Card,1092
T000901,2023-12-12 05:31:33.951989,40,176,Groceries,10,63.54,635.4,Cash,1062
T000902,2024-02-02 05:31:33.951989,11,200,Furniture,7,99.07,693.49,Online Payment,1100
T000903,2023-12-29 05:31:33.951989,24,110,Furniture,20,47.01,940.2,Debit Card,1002
T000904,2024-03-06 05:31:33.951989,24,167,Clothing,17,18.85,320.45,Online Payment,1007
T000905,2023-12-04 05:31:33.951989,19,157,Toys,16,9.26,148.16,Debit Card,1010
T000906,2024-02-05 05:31:33.951989,25,167,Groceries,18,82.73,1489.14,Debit Card,1040
T000907,2023-09-11 05:31:33.951989,27,190,Electronics,1,23.97,23.97,Credit Card,1077
T000908,2024-08-31 05:31:33.951989,50,146,Clothing,4,40.51,162.04,Online Payment,1038
T000909,2024-06-03 05:31:33.951989,22,109,Furniture,12,76.98,923.76,Online Payment,1008
T000910,2023-11-07 05:31:33.951989,44,172,Groceries,15,86.01,1290.15,Credit Card,1052
T000911,2024-01-22 05:31:33.951989,39,114,Furniture,8,15.68,125.44,Online Payment,1046
T000912,2023-09-27 05:31:33.951989,4,107,Clothing,20,10.18,203.6,Cash,1085
T000913,2023-10-01 05:31:33.951989,41,170,Groceries,20,95.15,1903.0,Online Payment,1084
T000914,2024-06-13 05:31:33.951989,42,164,Clothing,8,93.04,744.32,Debit Card,1011
T000915,2024-01-31 05:31:33.951989,22,125,Clothing,2,87.53,175.06,Online Payment,1050
T000916,2024-08-26 05:31:33.951989,5,173,Electronics,11,82.91,912.01,Cash,1092
T000917,2023-11-07 05:31:33.951989,22,168,Groceries,13,6.3,81.9,Debit Card,1017
T000918,2024-07-26 05:31:33.951989,7,119,Electronics,4,70.91,283.64,Debit Card,1030
T000919,2024-05-12 05:31:33.951989,36,121,Toys,13,15.57,202.41,Credit Card,1014
T000920,2023-10-26 05:31:33.951989,44,141,Clothing,9,47.76,429.84,Cash,1073
T000921,2023-09-10 05:31:33.951989,25,166,Toys,18,7.16,128.88,Debit Card,1094
T000922,2024-06-23 05:31:33.951989,19,156,Groceries,10,24.86,248.6,Online Payment,1064
T000923,2024-01-27 05:31:33.951989,17,114,Clothing,1,56.11,56.11,Debit Card,1015
T000924,2024-05-01 05:31:33.951989,47,187,Groceries,17,24.36,414.12,Credit Card,1066
T000925,2024-05-06 05:31:33.951989,43,126,Clothing,12,54.71,656.52,Debit Card,1085
T000926,2024-04-16 05:31:33.951989,39,191,Electronics,17,29.57,502.69,Credit Card,1074
T000927,2024-02-25 05:31:33.951989,10,174,Clothing,17,50.89,865.13,Online Payment,1099
T000928,2023-12-07 05:31:33.951989,22,162,Clothing,15,74.34,1115.1,Credit Card,1067
T000929,2023-09-30 05:31:33.951989,6,111,Groceries,16,18.43,294.88,Cash,1032
T000930,2024-01-11 05:31:33.951989,38,165,Furniture,2,71.38,142.76,Online Payment,1063
T000931,2024-05-05 05:31:33.951989,43,157,Furniture,10,6.75,67.5,Credit Card,1011
T000932,2023-11-01 05:31:33.951989,10,107,Furniture,7,60.39,422.73,Debit Card,1030
T000933,2023-10-07 05:31:33.951989,23,158,Toys,11,68.04,748.44,Cash,1076
T000934,2024-03-27 05:31:33.951989,20,116,Groceries,17,9.13,155.21,Online Payment,1015
T000935,2024-05-12 05:31:33.951989,42,165,Toys,3,21.18,63.54,Online Payment,1098
T000936,2023-10-11 05:31:33.951989,45,153,Clothing,4,31.98,127.92,Cash,1040
T000937,2024-06-25 05:31:33.951989,43,158,Toys,6,79.97,479.82,Credit Card,1042
T000938,2024-07-22 05:31:33.951989,26,172,Toys,18,63.71,1146.78,Debit Card,1074
T000939,2024-08-20 05:31:33.951989,9,107,Electronics,18,10.04,180.72,Credit Card,1094
T000940,2023-10-01 05:31:33.951989,39,171,Clothing,1,67.2,67.2,Debit Card,1049
T000941,2023-11-20 05:31:33.951989,46,159,Clothing,3,5.79,17.37,Online Payment,1095
T000942,2023-11-19 05:31:33.951989,6,186,Furniture,7,41.92,293.44,Credit Card,1095
T000943,2024-06-18 05:31:33.951989,20,139,Clothing,7,30.77,215.39,Cash,1030
T000944,2024-02-06 05:31:33.951989,36,192,Groceries,14,85.95,1203.3,Debit Card,1054
T000945,2023-10-17 05:31:33.951989,25,102,Furniture,4,67.71,270.84,Credit Card,1027
T000946,2024-01-09 05:31:33.951989,42,150,Clothing,7,87.11,609.77,Cash,1018
T000947,2023-11-03 05:31:33.951989,22,132,Groceries,18,6.81,122.58,Cash,1013
T000948,2024-06-15 05:31:33.951989,9,100,Electronics,14,87.4,1223.6,Debit Card,1022
T000949,2024-04-04 05:31:33.951989,43,195,Toys,3,66.69,200.07,Online Payment,1027
T000950,2024-07-10 05:31:33.951989,45,127,Toys,5,26.96,134.8,Debit Card,1035
T000951,2024-07-05 05:31:33.951989,48,174,Toys,1,41.17,41.17,Credit Card,1056
T000952,2024-07-16 05:31:33.951989,44,109,Toys,15,97.78,1466.7,Cash,1052
T000953,2023-12-28 05:31:33.951989,34,105,Groceries,11,14.46,159.06,Online Payment,1032
T000954,2024-05-28 05:31:33.951989,6,154,Electronics,2,34.97,69.94,Online Payment,1075
T000955,2024-03-16 05:31:33.951989,42,144,Electronics,3,87.34,262.02,Cash,1007
T000956,2024-04-21 05:31:33.951989,43,189,Electronics,3,55.5,166.5,Online Payment,1062
T000957,2024-04-17 05:31:33.951989,28,108,Furniture,2,22.71,45.42,Cash,1068
T000958,2024-02-03 05:31:33.951989,33,169,Electronics,6,52.56,315.36,Cash,1047
T000959,2024-07-01 05:31:33.951989,24,107,Groceries,9,48.51,436.59,Debit Card,1089
T000960,2024-04-10 05:31:33.951989,2,108,Clothing,18,93.0,1674.0,Online Payment,1014
T000961,2024-02-07 05:31:33.951989,24,160,Furniture,3,7.04,21.12,Credit Card,1040
T000962,2024-06-21 05:31:33.951989,20,104,Toys,19,28.5,541.5,Online Payment,1069
T000963,2024-07-17 05:31:33.951989,12,136,Clothing,8,55.29,442.32,Cash,1054
T000964,2023-10-04 05:31:33.951989,14,152,Electronics,9,36.69,330.21,Credit Card,1060
T000965,2024-07-12 05:31:33.951989,22,123,Toys,14,42.37,593.18,Cash,1087
T000966,2023-10-24 05:31:33.951989,50,198,Toys,13,19.92,258.96,Cash,1031
T000967,2023-12-19 05:31:33.951989,32,117,Electronics,15,37.94,569.1,Online Payment,1035
T000968,2024-07-20 05:31:33.951989,13,198,Electronics,13,38.43,499.59,Debit Card,1100
T000969,2023-12-21 05:31:33.951989,15,182,Furniture,14,64.4,901.6,Online Payment,1018
T000970,2024-01-17 05:31:33.951989,9,193,Electronics,11,27.44,301.84,Online Payment,1046
T000971,2024-08-07 05:31:33.951989,10,182,Electronics,1,97.93,97.93,Credit Card,1060
T000972,2023-10-15 05:31:33.951989,5,153,Groceries,13,52.62,684.06,Online Payment,1091
T000973,2023-11-23 05:31:33.951989,19,147,Clothing,4,82.13,328.52,Debit Card,1047
T000974,2024-01-04 05:31:33.951989,7,148,Electronics,18,64.45,1160.1,Credit Card,1039
T000975,2023-12-01 05:31:33.951989,33,157,Furniture,1,88.47,88.47,Online Payment,1002
T000976,2024-06-12 05:31:33.951989,50,148,Furniture,20,89.59,1791.8,Debit Card,1082
T000977,2023-10-12 05:31:33.951989,35,148,Groceries,3,82.41,247.23,Online Payment,1077
T000978,2023-11-23 05:31:33.951989,48,110,Clothing,19,7.8,148.2,Credit Card,1004
T000979,2023-09-05 05:31:33.951989,34,187,Clothing,2,57.72,115.44,Cash,1094
T000980,2024-03-31 05:31:33.951989,3,184,Toys,3,31.62,94.86,Debit Card,1084
T000981,2024-04-21 05:31:33.951989,43,169,Furniture,12,19.41,232.92,Cash,1006
T000982,2024-08-21 05:31:33.951989,22,117,Groceries,17,90.23,1533.91,Credit Card,1088
T000983,2024-07-04 05:31:33.951989,50,183,Furniture,4,67.41,269.64,Debit Card,1100
T000984,2024-05-01 05:31:33.951989,40,144,Groceries,10,13.34,133.4,Credit Card,1085
T000985,2024-01-31 05:31:33.951989,9,115,Clothing,10,41.31,413.1,Debit Card,1030
T000986,2023-09-20 05:31:33.951989,39,122,Furniture,20,96.26,1925.2,Credit Card,1032
T000987,2023-12-31 05:31:33.951989,25,168,Groceries,3,63.18,189.54,Online Payment,1070
T000988,2024-01-29 05:31:33.951989,10,150,Toys,10,64.42,644.2,Credit Card,1049
T000989,2024-08-30 05:31:33.951989,11,167,Furniture,15,26.61,399.15,Credit Card,1039
T000990,2024-01-26 05:31:33.951989,12,116,Clothing,13,27.83,361.79,Cash,1081
T000991,2024-08-28 05:31:33.951989,45,193,Furniture,13,19.51,253.63,Online Payment,1089
T000992,2024-04-23 05:31:33.951989,50,128,Toys,1,97.2,97.2,Debit Card,1046
T000993,2023-10-10 05:31:33.951989,40,100,Clothing,16,91.42,1462.72,Online Payment,1087
T000994,2024-08-20 05:31:33.951989,11,196,Furniture,6,36.28,217.68,Credit Card,1015
T000995,2024-01-01 05:31:33.951989,47,102,Clothing,18,56.51,1017.18,Debit Card,1068
T000996,2024-01-17 05:31:33.951989,29,138,Electronics,8,24.64,197.12,Credit Card,1030
T000997,2024-07-20 05:31:33.951989,3,159,Electronics,5,18.16,90.8,Cash,1056
T000998,2024-07-01 05:31:33.951989,27,186,Furniture,13,56.43,733.59,Cash,1049
T000999,2024-08-07 05:31:33.951989,24,192,Groceries,18,81.01,1458.18,Debit Card,1001
T001000,2023-12-14 05:31:33.951989,44,169,Toys,10,86.95,869.5,Cash,1050
